arm,stt,category,n_gold,n_retrieved@5,recall@5,precision@5,f1@5,n_retrieved@10,recall@10,precision@10,f1@10,n_retrieved@12,recall@12,precision@12,f1@12,n_retrieved@20,recall@20,precision@20,f1@20,n_retrieved@30,recall@30,precision@30,f1@30,n_retrieved@all,recall@all,precision@all,f1@all,r_precision,mrr,ndcg@10,ndcg@all,elapsed_s
dense,1,ooc,2,5,0.0,0.0,0.0,10,0.0,0.0,0.0,12,0.0,0.0,0.0,18,0.0,0.0,0.0,18,0.0,0.0,0.0,18,0.0,0.0,0.0,0.0,0.0,0.0,0.0,5.819
dense,10,unparseable,1,5,0.0,0.0,0.0,10,0.0,0.0,0.0,12,1.0,0.08333333333333333,0.15384615384615385,20,1.0,0.05,0.09523809523809523,30,1.0,0.03333333333333333,0.06451612903225806,31,1.0,0.03225806451612903,0.0625,0.0,0.08333333333333333,0.0,0.27023815442731974,0.147
dense,100,in_corpus,3,5,0.0,0.0,0.0,10,0.0,0.0,0.0,12,0.0,0.0,0.0,20,0.0,0.0,0.0,30,0.0,0.0,0.0,36,0.0,0.0,0.0,0.0,0.0,0.0,0.0,0.099
dense,101,in_corpus,1,5,0.0,0.0,0.0,10,0.0,0.0,0.0,12,0.0,0.0,0.0,20,0.0,0.0,0.0,30,0.0,0.0,0.0,35,0.0,0.0,0.0,0.0,0.0,0.0,0.0,0.151
dense,102,in_corpus,1,5,0.0,0.0,0.0,10,0.0,0.0,0.0,12,0.0,0.0,0.0,20,1.0,0.05,0.09523809523809523,29,1.0,0.034482758620689655,0.06666666666666667,29,1.0,0.034482758620689655,0.06666666666666667,0.0,0.06666666666666667,0.0,0.25,0.064
dense,103,in_corpus,5,5,0.0,0.0,0.0,10,0.0,0.0,0.0,12,0.0,0.0,0.0,20,0.0,0.0,0.0,30,0.0,0.0,0.0,30,0.0,0.0,0.0,0.0,0.0,0.0,0.0,0.11
dense,104,in_corpus,1,5,1.0,0.2,0.33333333333333337,10,1.0,0.1,0.18181818181818182,12,1.0,0.08333333333333333,0.15384615384615385,20,1.0,0.05,0.09523809523809523,29,1.0,0.034482758620689655,0.06666666666666667,29,1.0,0.034482758620689655,0.06666666666666667,0.0,0.3333333333333333,0.5,0.5,0.253
dense,105,unparseable,2,5,0.0,0.0,0.0,10,0.0,0.0,0.0,12,0.0,0.0,0.0,20,0.0,0.0,0.0,30,0.0,0.0,0.0,31,0.0,0.0,0.0,0.0,0.0,0.0,0.0,0.052
dense,106,in_corpus,1,5,0.0,0.0,0.0,10,0.0,0.0,0.0,12,0.0,0.0,0.0,20,0.0,0.0,0.0,30,1.0,0.03333333333333333,0.06451612903225806,36,1.0,0.027777777777777776,0.05405405405405406,0.0,0.037037037037037035,0.0,0.20801459767650948,0.06
dense,107,in_corpus,1,5,0.0,0.0,0.0,10,0.0,0.0,0.0,12,0.0,0.0,0.0,20,0.0,0.0,0.0,29,1.0,0.034482758620689655,0.06666666666666667,29,1.0,0.034482758620689655,0.06666666666666667,0.0,0.045454545454545456,0.0,0.22106472945750374,0.059
dense,108,unparseable,4,5,0.0,0.0,0.0,10,0.0,0.0,0.0,12,0.0,0.0,0.0,20,0.0,0.0,0.0,29,0.0,0.0,0.0,29,0.0,0.0,0.0,0.0,0.0,0.0,0.0,0.088
dense,109,in_corpus,2,5,1.0,0.4,0.5714285714285715,10,1.0,0.2,0.33333333333333337,12,1.0,0.16666666666666666,0.2857142857142857,20,1.0,0.1,0.18181818181818182,27,1.0,0.07407407407407407,0.13793103448275862,27,1.0,0.07407407407407407,0.13793103448275862,0.5,1.0,0.8772153153380493,0.8772153153380493,0.193
dense,11,mixed,2,5,0.5,0.2,0.28571428571428575,10,0.5,0.1,0.16666666666666669,12,0.5,0.08333333333333333,0.14285714285714285,19,0.5,0.05263157894736842,0.09523809523809525,19,0.5,0.05263157894736842,0.09523809523809525,19,0.5,0.05263157894736842,0.09523809523809525,0.0,0.3333333333333333,0.3065735963827292,0.3065735963827292,0.063
dense,110,in_corpus,3,5,0.0,0.0,0.0,10,0.3333333333333333,0.1,0.15384615384615383,12,0.3333333333333333,0.08333333333333333,0.13333333333333333,20,0.3333333333333333,0.05,0.08695652173913045,30,0.3333333333333333,0.03333333333333333,0.0606060606060606,33,0.3333333333333333,0.030303030303030304,0.05555555555555555,0.0,0.1111111111111111,0.14126697285982898,0.14126697285982898,0.142
dense,111,unparseable,4,5,0.0,0.0,0.0,10,0.0,0.0,0.0,12,0.0,0.0,0.0,20,0.0,0.0,0.0,30,0.0,0.0,0.0,34,0.0,0.0,0.0,0.0,0.0,0.0,0.0,0.183
dense,112,in_corpus,1,5,0.0,0.0,0.0,10,0.0,0.0,0.0,12,0.0,0.0,0.0,20,0.0,0.0,0.0,30,0.0,0.0,0.0,35,0.0,0.0,0.0,0.0,0.0,0.0,0.0,0.058
dense,113,unparseable,4,5,0.0,0.0,0.0,10,0.0,0.0,0.0,12,0.0,0.0,0.0,20,0.0,0.0,0.0,30,0.0,0.0,0.0,42,0.0,0.0,0.0,0.0,0.0,0.0,0.0,0.1
dense,114,in_corpus,1,5,0.0,0.0,0.0,10,1.0,0.1,0.18181818181818182,12,1.0,0.08333333333333333,0.15384615384615385,20,1.0,0.05,0.09523809523809523,25,1.0,0.04,0.07692307692307693,25,1.0,0.04,0.07692307692307693,0.0,0.14285714285714285,0.3333333333333333,0.3333333333333333,0.133
dense,115,in_corpus,1,5,0.0,0.0,0.0,10,0.0,0.0,0.0,12,0.0,0.0,0.0,20,0.0,0.0,0.0,30,0.0,0.0,0.0,37,0.0,0.0,0.0,0.0,0.0,0.0,0.0,0.094
dense,116,in_corpus,1,5,0.0,0.0,0.0,10,0.0,0.0,0.0,12,0.0,0.0,0.0,20,1.0,0.05,0.09523809523809523,30,1.0,0.03333333333333333,0.06451612903225806,34,1.0,0.029411764705882353,0.05714285714285715,0.0,0.058823529411764705,0.0,0.23981246656813146,0.113
dense,117,in_corpus,1,5,1.0,0.2,0.33333333333333337,10,1.0,0.1,0.18181818181818182,12,1.0,0.08333333333333333,0.15384615384615385,20,1.0,0.05,0.09523809523809523,25,1.0,0.04,0.07692307692307693,25,1.0,0.04,0.07692307692307693,0.0,0.2,0.38685280723454163,0.38685280723454163,0.068
dense,118,in_corpus,1,5,0.0,0.0,0.0,10,0.0,0.0,0.0,12,0.0,0.0,0.0,20,1.0,0.05,0.09523809523809523,30,1.0,0.03333333333333333,0.06451612903225806,33,1.0,0.030303030303030304,0.05882352941176471,0.0,0.058823529411764705,0.0,0.23981246656813146,0.075
dense,119,in_corpus,1,5,0.0,0.0,0.0,10,0.0,0.0,0.0,12,0.0,0.0,0.0,20,0.0,0.0,0.0,28,0.0,0.0,0.0,28,0.0,0.0,0.0,0.0,0.0,0.0,0.0,0.069
dense,12,in_corpus,2,5,0.0,0.0,0.0,10,0.0,0.0,0.0,12,0.0,0.0,0.0,20,0.0,0.0,0.0,23,0.0,0.0,0.0,23,0.0,0.0,0.0,0.0,0.0,0.0,0.0,0.063
dense,120,in_corpus,1,5,0.0,0.0,0.0,10,1.0,0.1,0.18181818181818182,12,1.0,0.08333333333333333,0.15384615384615385,18,1.0,0.05555555555555555,0.10526315789473684,18,1.0,0.05555555555555555,0.10526315789473684,18,1.0,0.05555555555555555,0.10526315789473684,0.0,0.14285714285714285,0.3333333333333333,0.3333333333333333,0.085
dense,121,in_corpus,1,5,1.0,0.2,0.33333333333333337,10,1.0,0.1,0.18181818181818182,12,1.0,0.08333333333333333,0.15384615384615385,20,1.0,0.05,0.09523809523809523,30,1.0,0.03333333333333333,0.06451612903225806,36,1.0,0.027777777777777776,0.05405405405405406,0.0,0.25,0.43067655807339306,0.43067655807339306,0.051
dense,122,unparseable,4,5,0.0,0.0,0.0,10,0.0,0.0,0.0,12,0.0,0.0,0.0,20,0.0,0.0,0.0,30,0.0,0.0,0.0,38,0.0,0.0,0.0,0.0,0.0,0.0,0.0,0.06
dense,123,unparseable,2,5,0.0,0.0,0.0,10,0.0,0.0,0.0,12,0.0,0.0,0.0,20,0.0,0.0,0.0,30,0.0,0.0,0.0,33,0.0,0.0,0.0,0.0,0.0,0.0,0.0,0.063
dense,124,unparseable,1,5,0.0,0.0,0.0,10,0.0,0.0,0.0,12,0.0,0.0,0.0,20,0.0,0.0,0.0,29,0.0,0.0,0.0,29,0.0,0.0,0.0,0.0,0.0,0.0,0.0,0.039
dense,125,unparseable,4,5,0.0,0.0,0.0,10,0.0,0.0,0.0,12,0.0,0.0,0.0,20,0.0,0.0,0.0,30,0.0,0.0,0.0,37,0.0,0.0,0.0,0.0,0.0,0.0,0.0,0.051
dense,126,in_corpus,1,5,1.0,0.2,0.33333333333333337,10,1.0,0.1,0.18181818181818182,12,1.0,0.08333333333333333,0.15384615384615385,20,1.0,0.05,0.09523809523809523,30,1.0,0.03333333333333333,0.06451612903225806,34,1.0,0.029411764705882353,0.05714285714285715,0.0,0.25,0.43067655807339306,0.43067655807339306,0.082
dense,127,in_corpus,2,5,0.5,0.2,0.28571428571428575,10,0.5,0.1,0.16666666666666669,12,0.5,0.08333333333333333,0.14285714285714285,20,0.5,0.05,0.09090909090909091,26,0.5,0.038461538461538464,0.07142857142857144,26,0.5,0.038461538461538464,0.07142857142857144,0.0,0.2,0.23719771276929622,0.23719771276929622,0.104
dense,128,unparseable,1,5,0.0,0.0,0.0,10,0.0,0.0,0.0,12,0.0,0.0,0.0,20,0.0,0.0,0.0,30,0.0,0.0,0.0,33,0.0,0.0,0.0,0.0,0.0,0.0,0.0,0.128
dense,129,in_corpus,1,5,0.0,0.0,0.0,10,0.0,0.0,0.0,12,0.0,0.0,0.0,20,0.0,0.0,0.0,30,0.0,0.0,0.0,33,0.0,0.0,0.0,0.0,0.0,0.0,0.0,0.102
dense,13,mixed,3,5,0.3333333333333333,0.2,0.25,10,0.3333333333333333,0.1,0.15384615384615383,12,0.3333333333333333,0.08333333333333333,0.13333333333333333,20,0.6666666666666666,0.1,0.1739130434782609,28,0.6666666666666666,0.07142857142857142,0.12903225806451613,28,0.6666666666666666,0.07142857142857142,0.12903225806451613,0.3333333333333333,1.0,0.46927872602275644,0.5893943818208077,0.174
dense,130,in_corpus,1,5,0.0,0.0,0.0,10,0.0,0.0,0.0,12,0.0,0.0,0.0,20,0.0,0.0,0.0,29,0.0,0.0,0.0,29,0.0,0.0,0.0,0.0,0.0,0.0,0.0,0.08
dense,131,in_corpus,2,5,0.5,0.2,0.28571428571428575,10,0.5,0.1,0.16666666666666669,12,0.5,0.08333333333333333,0.14285714285714285,20,0.5,0.05,0.09090909090909091,26,0.5,0.038461538461538464,0.07142857142857144,26,0.5,0.038461538461538464,0.07142857142857144,0.0,0.3333333333333333,0.3065735963827292,0.3065735963827292,0.319
dense,132,in_corpus,5,5,0.0,0.0,0.0,10,0.0,0.0,0.0,12,0.0,0.0,0.0,20,0.0,0.0,0.0,30,0.0,0.0,0.0,30,0.0,0.0,0.0,0.0,0.0,0.0,0.0,0.123
dense,133,in_corpus,1,5,0.0,0.0,0.0,10,0.0,0.0,0.0,12,0.0,0.0,0.0,20,0.0,0.0,0.0,30,0.0,0.0,0.0,35,0.0,0.0,0.0,0.0,0.0,0.0,0.0,0.048
dense,134,in_corpus,6,5,0.0,0.0,0.0,10,0.0,0.0,0.0,12,0.0,0.0,0.0,20,0.16666666666666666,0.05,0.07692307692307691,30,0.16666666666666666,0.03333333333333333,0.05555555555555555,37,0.16666666666666666,0.02702702702702703,0.046511627906976744,0.0,0.058823529411764705,0.0,0.07256783117062009,0.143
dense,135,in_corpus,1,5,0.0,0.0,0.0,10,1.0,0.1,0.18181818181818182,12,1.0,0.08333333333333333,0.15384615384615385,20,1.0,0.05,0.09523809523809523,30,1.0,0.03333333333333333,0.06451612903225806,39,1.0,0.02564102564102564,0.05,0.0,0.16666666666666666,0.3562071871080222,0.3562071871080222,0.052
dense,136,unparseable,4,5,0.0,0.0,0.0,10,0.0,0.0,0.0,12,0.0,0.0,0.0,20,0.0,0.0,0.0,30,0.0,0.0,0.0,32,0.0,0.0,0.0,0.0,0.0,0.0,0.0,0.185
dense,137,in_corpus,1,5,0.0,0.0,0.0,10,0.0,0.0,0.0,12,0.0,0.0,0.0,20,0.0,0.0,0.0,30,0.0,0.0,0.0,31,0.0,0.0,0.0,0.0,0.0,0.0,0.0,0.179
dense,138,in_corpus,1,5,0.0,0.0,0.0,10,1.0,0.1,0.18181818181818182,12,1.0,0.08333333333333333,0.15384615384615385,20,1.0,0.05,0.09523809523809523,20,1.0,0.05,0.09523809523809523,20,1.0,0.05,0.09523809523809523,0.0,0.1,0.2890648263178879,0.2890648263178879,0.104
dense,139,in_corpus,5,5,0.0,0.0,0.0,10,0.0,0.0,0.0,12,0.0,0.0,0.0,20,0.0,0.0,0.0,30,0.0,0.0,0.0,31,0.0,0.0,0.0,0.0,0.0,0.0,0.0,0.265
dense,14,ooc,2,5,0.0,0.0,0.0,10,0.0,0.0,0.0,12,0.0,0.0,0.0,20,0.0,0.0,0.0,30,0.0,0.0,0.0,34,0.0,0.0,0.0,0.0,0.0,0.0,0.0,0.075
dense,140,in_corpus,1,5,0.0,0.0,0.0,10,0.0,0.0,0.0,12,0.0,0.0,0.0,20,0.0,0.0,0.0,23,0.0,0.0,0.0,23,0.0,0.0,0.0,0.0,0.0,0.0,0.0,0.04
dense,141,unparseable,4,5,0.0,0.0,0.0,10,0.0,0.0,0.0,12,0.0,0.0,0.0,20,0.0,0.0,0.0,30,0.0,0.0,0.0,35,0.0,0.0,0.0,0.0,0.0,0.0,0.0,0.075
dense,142,in_corpus,1,5,0.0,0.0,0.0,10,0.0,0.0,0.0,12,0.0,0.0,0.0,20,0.0,0.0,0.0,29,0.0,0.0,0.0,29,0.0,0.0,0.0,0.0,0.0,0.0,0.0,0.132
dense,143,unparseable,4,5,0.0,0.0,0.0,10,0.0,0.0,0.0,12,0.0,0.0,0.0,20,0.0,0.0,0.0,30,0.0,0.0,0.0,33,0.0,0.0,0.0,0.0,0.0,0.0,0.0,0.043
dense,144,in_corpus,1,5,0.0,0.0,0.0,10,0.0,0.0,0.0,12,0.0,0.0,0.0,20,1.0,0.05,0.09523809523809523,25,1.0,0.04,0.07692307692307693,25,1.0,0.04,0.07692307692307693,0.0,0.05555555555555555,0.0,0.23540891336663824,0.043
dense,145,in_corpus,1,5,1.0,0.2,0.33333333333333337,10,1.0,0.1,0.18181818181818182,12,1.0,0.08333333333333333,0.15384615384615385,20,1.0,0.05,0.09523809523809523,30,1.0,0.03333333333333333,0.06451612903225806,30,1.0,0.03333333333333333,0.06451612903225806,0.0,0.5,0.6309297535714575,0.6309297535714575,0.045
dense,146,in_corpus,1,5,0.0,0.0,0.0,10,0.0,0.0,0.0,12,0.0,0.0,0.0,20,0.0,0.0,0.0,30,0.0,0.0,0.0,36,0.0,0.0,0.0,0.0,0.0,0.0,0.0,0.058
dense,147,in_corpus,1,5,1.0,0.2,0.33333333333333337,10,1.0,0.1,0.18181818181818182,12,1.0,0.08333333333333333,0.15384615384615385,20,1.0,0.05,0.09523809523809523,23,1.0,0.043478260869565216,0.08333333333333333,23,1.0,0.043478260869565216,0.08333333333333333,1.0,1.0,1.0,1.0,0.077
dense,148,in_corpus,1,5,0.0,0.0,0.0,10,0.0,0.0,0.0,12,0.0,0.0,0.0,20,0.0,0.0,0.0,30,1.0,0.03333333333333333,0.06451612903225806,33,1.0,0.030303030303030304,0.05882352941176471,0.0,0.03333333333333333,0.0,0.20184908658209985,0.044
dense,149,in_corpus,1,5,1.0,0.2,0.33333333333333337,10,1.0,0.1,0.18181818181818182,12,1.0,0.08333333333333333,0.15384615384615385,20,1.0,0.05,0.09523809523809523,25,1.0,0.04,0.07692307692307693,25,1.0,0.04,0.07692307692307693,0.0,0.5,0.6309297535714575,0.6309297535714575,0.079
dense,15,unparseable,2,5,0.0,0.0,0.0,10,0.0,0.0,0.0,12,0.0,0.0,0.0,20,0.0,0.0,0.0,30,0.0,0.0,0.0,31,0.0,0.0,0.0,0.0,0.0,0.0,0.0,0.147
dense,150,in_corpus,3,5,0.0,0.0,0.0,10,0.0,0.0,0.0,12,0.0,0.0,0.0,20,0.0,0.0,0.0,30,0.0,0.0,0.0,35,0.0,0.0,0.0,0.0,0.0,0.0,0.0,0.075
dense,151,in_corpus,1,5,0.0,0.0,0.0,10,0.0,0.0,0.0,12,0.0,0.0,0.0,20,0.0,0.0,0.0,30,0.0,0.0,0.0,34,0.0,0.0,0.0,0.0,0.0,0.0,0.0,0.132
dense,152,in_corpus,1,5,0.0,0.0,0.0,10,1.0,0.1,0.18181818181818182,12,1.0,0.08333333333333333,0.15384615384615385,20,1.0,0.05,0.09523809523809523,21,1.0,0.047619047619047616,0.0909090909090909,21,1.0,0.047619047619047616,0.0909090909090909,0.0,0.16666666666666666,0.3562071871080222,0.3562071871080222,0.261
dense,153,in_corpus,1,5,0.0,0.0,0.0,10,0.0,0.0,0.0,12,0.0,0.0,0.0,20,0.0,0.0,0.0,30,1.0,0.03333333333333333,0.06451612903225806,32,1.0,0.03125,0.06060606060606061,0.0,0.045454545454545456,0.0,0.22106472945750374,0.068
dense,154,in_corpus,1,5,0.0,0.0,0.0,10,0.0,0.0,0.0,12,0.0,0.0,0.0,20,1.0,0.05,0.09523809523809523,20,1.0,0.05,0.09523809523809523,20,1.0,0.05,0.09523809523809523,0.0,0.07692307692307693,0.0,0.26264953503719357,0.177
dense,155,in_corpus,2,5,0.5,0.2,0.28571428571428575,10,0.5,0.1,0.16666666666666669,12,0.5,0.08333333333333333,0.14285714285714285,20,0.5,0.05,0.09090909090909091,28,0.5,0.03571428571428571,0.06666666666666667,28,0.5,0.03571428571428571,0.06666666666666667,0.5,0.5,0.38685280723454163,0.38685280723454163,0.095
dense,156,in_corpus,1,5,0.0,0.0,0.0,10,0.0,0.0,0.0,12,0.0,0.0,0.0,20,0.0,0.0,0.0,30,0.0,0.0,0.0,34,0.0,0.0,0.0,0.0,0.0,0.0,0.0,0.158
dense,157,in_corpus,1,5,1.0,0.2,0.33333333333333337,10,1.0,0.1,0.18181818181818182,12,1.0,0.08333333333333333,0.15384615384615385,19,1.0,0.05263157894736842,0.1,19,1.0,0.05263157894736842,0.1,19,1.0,0.05263157894736842,0.1,0.0,0.3333333333333333,0.5,0.5,0.168
dense,158,in_corpus,1,5,1.0,0.2,0.33333333333333337,10,1.0,0.1,0.18181818181818182,12,1.0,0.08333333333333333,0.15384615384615385,20,1.0,0.05,0.09523809523809523,30,1.0,0.03333333333333333,0.06451612903225806,34,1.0,0.029411764705882353,0.05714285714285715,0.0,0.2,0.38685280723454163,0.38685280723454163,0.077
dense,159,in_corpus,1,5,0.0,0.0,0.0,10,0.0,0.0,0.0,12,1.0,0.08333333333333333,0.15384615384615385,20,1.0,0.05,0.09523809523809523,25,1.0,0.04,0.07692307692307693,25,1.0,0.04,0.07692307692307693,0.0,0.09090909090909091,0.0,0.27894294565112987,0.229
dense,16,in_corpus,3,5,0.0,0.0,0.0,10,0.0,0.0,0.0,12,0.0,0.0,0.0,20,0.6666666666666666,0.1,0.1739130434782609,30,1.0,0.1,0.18181818181818182,30,1.0,0.1,0.18181818181818182,0.0,0.0625,0.0,0.3253910735961907,0.168
dense,160,in_corpus,1,5,0.0,0.0,0.0,10,1.0,0.1,0.18181818181818182,12,1.0,0.08333333333333333,0.15384615384615385,20,1.0,0.05,0.09523809523809523,30,1.0,0.03333333333333333,0.06451612903225806,31,1.0,0.03225806451612903,0.0625,0.0,0.14285714285714285,0.3333333333333333,0.3333333333333333,0.046
dense,161,in_corpus,1,5,0.0,0.0,0.0,10,0.0,0.0,0.0,12,0.0,0.0,0.0,20,0.0,0.0,0.0,30,0.0,0.0,0.0,37,0.0,0.0,0.0,0.0,0.0,0.0,0.0,0.052
dense,162,in_corpus,1,5,1.0,0.2,0.33333333333333337,10,1.0,0.1,0.18181818181818182,12,1.0,0.08333333333333333,0.15384615384615385,20,1.0,0.05,0.09523809523809523,20,1.0,0.05,0.09523809523809523,20,1.0,0.05,0.09523809523809523,0.0,0.2,0.38685280723454163,0.38685280723454163,0.089
dense,163,in_corpus,2,5,0.0,0.0,0.0,10,0.0,0.0,0.0,12,0.0,0.0,0.0,20,0.0,0.0,0.0,30,0.0,0.0,0.0,37,0.0,0.0,0.0,0.0,0.0,0.0,0.0,0.111
dense,164,in_corpus,1,5,0.0,0.0,0.0,10,1.0,0.1,0.18181818181818182,12,1.0,0.08333333333333333,0.15384615384615385,20,1.0,0.05,0.09523809523809523,25,1.0,0.04,0.07692307692307693,25,1.0,0.04,0.07692307692307693,0.0,0.1111111111111111,0.3010299956639812,0.3010299956639812,0.105
dense,165,in_corpus,1,5,1.0,0.2,0.33333333333333337,10,1.0,0.1,0.18181818181818182,12,1.0,0.08333333333333333,0.15384615384615385,20,1.0,0.05,0.09523809523809523,23,1.0,0.043478260869565216,0.08333333333333333,23,1.0,0.043478260869565216,0.08333333333333333,0.0,0.2,0.38685280723454163,0.38685280723454163,0.047
dense,166,in_corpus,1,5,0.0,0.0,0.0,10,1.0,0.1,0.18181818181818182,12,1.0,0.08333333333333333,0.15384615384615385,20,1.0,0.05,0.09523809523809523,20,1.0,0.05,0.09523809523809523,20,1.0,0.05,0.09523809523809523,0.0,0.14285714285714285,0.3333333333333333,0.3333333333333333,0.095
dense,167,in_corpus,1,5,1.0,0.2,0.33333333333333337,10,1.0,0.1,0.18181818181818182,12,1.0,0.08333333333333333,0.15384615384615385,20,1.0,0.05,0.09523809523809523,23,1.0,0.043478260869565216,0.08333333333333333,23,1.0,0.043478260869565216,0.08333333333333333,0.0,0.5,0.6309297535714575,0.6309297535714575,0.069
dense,168,unparseable,4,5,0.0,0.0,0.0,10,0.0,0.0,0.0,12,0.0,0.0,0.0,20,0.0,0.0,0.0,30,0.0,0.0,0.0,35,0.0,0.0,0.0,0.0,0.0,0.0,0.0,0.048
dense,169,in_corpus,7,5,0.0,0.0,0.0,10,0.0,0.0,0.0,12,0.2857142857142857,0.16666666666666666,0.2105263157894737,20,0.2857142857142857,0.1,0.14814814814814817,30,0.2857142857142857,0.06666666666666667,0.10810810810810811,35,0.2857142857142857,0.05714285714285714,0.09523809523809522,0.0,0.09090909090909091,0.0,0.1509568868954004,0.108
dense,17,ooc,1,5,0.0,0.0,0.0,10,0.0,0.0,0.0,12,0.0,0.0,0.0,20,0.0,0.0,0.0,30,0.0,0.0,0.0,40,0.0,0.0,0.0,0.0,0.0,0.0,0.0,0.095
dense,171,unparseable,4,5,0.0,0.0,0.0,10,0.0,0.0,0.0,12,0.0,0.0,0.0,20,0.0,0.0,0.0,29,0.0,0.0,0.0,29,0.0,0.0,0.0,0.0,0.0,0.0,0.0,0.031
dense,172,unparseable,4,5,0.0,0.0,0.0,10,0.0,0.0,0.0,12,0.0,0.0,0.0,20,0.0,0.0,0.0,27,0.0,0.0,0.0,27,0.0,0.0,0.0,0.0,0.0,0.0,0.0,0.101
dense,173,unparseable,4,5,0.0,0.0,0.0,10,0.0,0.0,0.0,12,0.0,0.0,0.0,20,0.0,0.0,0.0,30,0.0,0.0,0.0,32,0.0,0.0,0.0,0.0,0.0,0.0,0.0,0.047
dense,174,in_corpus,6,5,0.0,0.0,0.0,10,0.3333333333333333,0.2,0.25,12,0.3333333333333333,0.16666666666666666,0.2222222222222222,20,0.3333333333333333,0.1,0.15384615384615383,28,0.3333333333333333,0.07142857142857142,0.11764705882352941,28,0.3333333333333333,0.07142857142857142,0.11764705882352941,0.0,0.1111111111111111,0.17856411732486627,0.17856411732486627,0.059
dense,175,in_corpus,1,5,0.0,0.0,0.0,10,0.0,0.0,0.0,12,0.0,0.0,0.0,20,0.0,0.0,0.0,30,1.0,0.03333333333333333,0.06451612903225806,30,1.0,0.03333333333333333,0.06451612903225806,0.0,0.037037037037037035,0.0,0.20801459767650948,0.051
dense,176,in_corpus,3,5,0.3333333333333333,0.2,0.25,10,0.3333333333333333,0.1,0.15384615384615383,12,0.3333333333333333,0.08333333333333333,0.13333333333333333,20,0.3333333333333333,0.05,0.08695652173913045,30,0.3333333333333333,0.03333333333333333,0.0606060606060606,34,0.3333333333333333,0.029411764705882353,0.05405405405405406,0.3333333333333333,0.5,0.2960819109658652,0.2960819109658652,0.091
dense,177,in_corpus,1,5,0.0,0.0,0.0,10,0.0,0.0,0.0,12,0.0,0.0,0.0,20,0.0,0.0,0.0,28,0.0,0.0,0.0,28,0.0,0.0,0.0,0.0,0.0,0.0,0.0,0.067
dense,178,in_corpus,1,5,0.0,0.0,0.0,10,0.0,0.0,0.0,12,0.0,0.0,0.0,20,0.0,0.0,0.0,29,0.0,0.0,0.0,29,0.0,0.0,0.0,0.0,0.0,0.0,0.0,0.056
dense,179,unparseable,4,5,0.0,0.0,0.0,10,0.0,0.0,0.0,12,0.0,0.0,0.0,20,0.0,0.0,0.0,29,0.0,0.0,0.0,29,0.0,0.0,0.0,0.0,0.0,0.0,0.0,0.056
dense,18,mixed,8,5,0.125,0.2,0.15384615384615385,10,0.125,0.1,0.11111111111111112,12,0.125,0.08333333333333333,0.1,20,0.125,0.05,0.07142857142857144,30,0.125,0.03333333333333333,0.052631578947368425,33,0.125,0.030303030303030304,0.04878048780487805,0.125,0.2,0.09785159463516042,0.09785159463516042,0.24
dense,180,in_corpus,6,5,0.0,0.0,0.0,10,0.0,0.0,0.0,12,0.0,0.0,0.0,20,0.0,0.0,0.0,30,0.0,0.0,0.0,31,0.0,0.0,0.0,0.0,0.0,0.0,0.0,0.069
dense,181,in_corpus,2,5,0.0,0.0,0.0,10,0.0,0.0,0.0,12,0.0,0.0,0.0,20,0.0,0.0,0.0,30,0.5,0.03333333333333333,0.0625,31,0.5,0.03225806451612903,0.06060606060606061,0.0,0.04,0.0,0.13044464550817447,0.051
dense,182,in_corpus,1,5,1.0,0.2,0.33333333333333337,10,1.0,0.1,0.18181818181818182,12,1.0,0.08333333333333333,0.15384615384615385,20,1.0,0.05,0.09523809523809523,30,1.0,0.03333333333333333,0.06451612903225806,32,1.0,0.03125,0.06060606060606061,0.0,0.25,0.43067655807339306,0.43067655807339306,0.088
dense,183,in_corpus,5,5,0.0,0.0,0.0,10,0.0,0.0,0.0,12,0.0,0.0,0.0,20,0.0,0.0,0.0,30,0.0,0.0,0.0,30,0.0,0.0,0.0,0.0,0.0,0.0,0.0,0.075
dense,184,in_corpus,1,5,0.0,0.0,0.0,10,0.0,0.0,0.0,12,0.0,0.0,0.0,20,0.0,0.0,0.0,30,0.0,0.0,0.0,31,0.0,0.0,0.0,0.0,0.0,0.0,0.0,0.147
dense,185,in_corpus,1,5,0.0,0.0,0.0,10,0.0,0.0,0.0,12,0.0,0.0,0.0,20,0.0,0.0,0.0,30,0.0,0.0,0.0,36,0.0,0.0,0.0,0.0,0.0,0.0,0.0,0.07
dense,186,in_corpus,2,5,0.0,0.0,0.0,10,0.0,0.0,0.0,12,0.0,0.0,0.0,20,0.5,0.05,0.09090909090909091,29,0.5,0.034482758620689655,0.06451612903225806,29,0.5,0.034482758620689655,0.06451612903225806,0.0,0.07692307692307693,0.0,0.16104282508920814,0.047
dense,187,in_corpus,1,5,0.0,0.0,0.0,10,0.0,0.0,0.0,12,0.0,0.0,0.0,20,0.0,0.0,0.0,30,0.0,0.0,0.0,30,0.0,0.0,0.0,0.0,0.0,0.0,0.0,0.062
dense,188,in_corpus,1,5,1.0,0.2,0.33333333333333337,10,1.0,0.1,0.18181818181818182,12,1.0,0.08333333333333333,0.15384615384615385,20,1.0,0.05,0.09523809523809523,21,1.0,0.047619047619047616,0.0909090909090909,21,1.0,0.047619047619047616,0.0909090909090909,0.0,0.5,0.6309297535714575,0.6309297535714575,0.098
dense,189,in_corpus,1,5,0.0,0.0,0.0,10,0.0,0.0,0.0,12,0.0,0.0,0.0,20,0.0,0.0,0.0,30,0.0,0.0,0.0,33,0.0,0.0,0.0,0.0,0.0,0.0,0.0,0.05
dense,19,unparseable,1,5,0.0,0.0,0.0,10,0.0,0.0,0.0,12,0.0,0.0,0.0,20,0.0,0.0,0.0,26,0.0,0.0,0.0,26,0.0,0.0,0.0,0.0,0.0,0.0,0.0,0.1
dense,190,in_corpus,1,5,0.0,0.0,0.0,10,0.0,0.0,0.0,12,0.0,0.0,0.0,20,0.0,0.0,0.0,29,0.0,0.0,0.0,29,0.0,0.0,0.0,0.0,0.0,0.0,0.0,0.051
dense,191,in_corpus,1,5,0.0,0.0,0.0,10,0.0,0.0,0.0,12,0.0,0.0,0.0,20,1.0,0.05,0.09523809523809523,21,1.0,0.047619047619047616,0.0909090909090909,21,1.0,0.047619047619047616,0.0909090909090909,0.0,0.07692307692307693,0.0,0.26264953503719357,0.048
dense,192,in_corpus,3,5,0.3333333333333333,0.2,0.25,10,0.3333333333333333,0.1,0.15384615384615383,12,0.3333333333333333,0.08333333333333333,0.13333333333333333,20,0.3333333333333333,0.05,0.08695652173913045,28,0.3333333333333333,0.03571428571428571,0.06451612903225806,28,0.3333333333333333,0.03571428571428571,0.06451612903225806,0.3333333333333333,1.0,0.46927872602275644,0.46927872602275644,0.054
dense,193,in_corpus,1,5,0.0,0.0,0.0,10,0.0,0.0,0.0,12,0.0,0.0,0.0,20,0.0,0.0,0.0,30,0.0,0.0,0.0,31,0.0,0.0,0.0,0.0,0.0,0.0,0.0,0.104
dense,194,unparseable,4,5,0.0,0.0,0.0,10,0.0,0.0,0.0,12,0.0,0.0,0.0,20,0.0,0.0,0.0,30,0.0,0.0,0.0,34,0.0,0.0,0.0,0.0,0.0,0.0,0.0,0.064
dense,195,in_corpus,1,5,0.0,0.0,0.0,10,0.0,0.0,0.0,12,0.0,0.0,0.0,20,0.0,0.0,0.0,28,0.0,0.0,0.0,28,0.0,0.0,0.0,0.0,0.0,0.0,0.0,0.052
dense,196,in_corpus,1,5,0.0,0.0,0.0,10,0.0,0.0,0.0,12,0.0,0.0,0.0,20,0.0,0.0,0.0,27,0.0,0.0,0.0,27,0.0,0.0,0.0,0.0,0.0,0.0,0.0,0.08
dense,197,in_corpus,2,5,0.0,0.0,0.0,10,0.0,0.0,0.0,12,0.0,0.0,0.0,20,0.5,0.05,0.09090909090909091,30,0.5,0.03333333333333333,0.0625,32,0.5,0.03125,0.058823529411764705,0.0,0.058823529411764705,0.0,0.14704034066641014,0.05
dense,198,in_corpus,1,5,1.0,0.2,0.33333333333333337,10,1.0,0.1,0.18181818181818182,12,1.0,0.08333333333333333,0.15384615384615385,20,1.0,0.05,0.09523809523809523,30,1.0,0.03333333333333333,0.06451612903225806,32,1.0,0.03125,0.06060606060606061,0.0,0.3333333333333333,0.5,0.5,0.074
dense,199,in_corpus,2,5,0.5,0.2,0.28571428571428575,10,0.5,0.1,0.16666666666666669,12,0.5,0.08333333333333333,0.14285714285714285,20,0.5,0.05,0.09090909090909091,30,0.5,0.03333333333333333,0.0625,31,0.5,0.03225806451612903,0.06060606060606061,0.5,1.0,0.6131471927654584,0.6131471927654584,0.104
dense,2,in_corpus,1,5,1.0,0.2,0.33333333333333337,10,1.0,0.1,0.18181818181818182,12,1.0,0.08333333333333333,0.15384615384615385,20,1.0,0.05,0.09523809523809523,21,1.0,0.047619047619047616,0.0909090909090909,21,1.0,0.047619047619047616,0.0909090909090909,0.0,0.5,0.6309297535714575,0.6309297535714575,0.351
dense,20,in_corpus,2,5,0.5,0.2,0.28571428571428575,10,1.0,0.2,0.33333333333333337,12,1.0,0.16666666666666666,0.2857142857142857,20,1.0,0.1,0.18181818181818182,20,1.0,0.1,0.18181818181818182,20,1.0,0.1,0.18181818181818182,0.5,1.0,0.7977228895450266,0.7977228895450266,0.144
dense,200,in_corpus,3,5,0.3333333333333333,0.2,0.25,10,0.3333333333333333,0.1,0.15384615384615383,12,0.3333333333333333,0.08333333333333333,0.13333333333333333,20,0.3333333333333333,0.05,0.08695652173913045,30,0.3333333333333333,0.03333333333333333,0.0606060606060606,34,0.3333333333333333,0.029411764705882353,0.05405405405405406,0.3333333333333333,1.0,0.46927872602275644,0.46927872602275644,0.104
dense,201,unparseable,1,5,0.0,0.0,0.0,10,0.0,0.0,0.0,12,0.0,0.0,0.0,20,0.0,0.0,0.0,28,0.0,0.0,0.0,28,0.0,0.0,0.0,0.0,0.0,0.0,0.0,0.13
dense,202,in_corpus,2,5,0.0,0.0,0.0,10,0.0,0.0,0.0,12,0.0,0.0,0.0,20,0.0,0.0,0.0,30,0.5,0.03333333333333333,0.0625,38,0.5,0.02631578947368421,0.05,0.0,0.045454545454545456,0.0,0.13554521828632396,0.06
dense,21,in_corpus,1,5,1.0,0.2,0.33333333333333337,10,1.0,0.1,0.18181818181818182,12,1.0,0.08333333333333333,0.15384615384615385,20,1.0,0.05,0.09523809523809523,24,1.0,0.041666666666666664,0.07999999999999999,24,1.0,0.041666666666666664,0.07999999999999999,1.0,1.0,1.0,1.0,0.242
dense,22,in_corpus,2,5,0.0,0.0,0.0,10,0.5,0.1,0.16666666666666669,12,0.5,0.08333333333333333,0.14285714285714285,20,0.5,0.05,0.09090909090909091,29,0.5,0.034482758620689655,0.06451612903225806,29,0.5,0.034482758620689655,0.06451612903225806,0.0,0.1111111111111111,0.18457569677956817,0.18457569677956817,0.124
dense,23,in_corpus,1,5,1.0,0.2,0.33333333333333337,10,1.0,0.1,0.18181818181818182,12,1.0,0.08333333333333333,0.15384615384615385,20,1.0,0.05,0.09523809523809523,29,1.0,0.034482758620689655,0.06666666666666667,29,1.0,0.034482758620689655,0.06666666666666667,1.0,1.0,1.0,1.0,0.18
dense,24,ooc,2,5,0.0,0.0,0.0,10,0.0,0.0,0.0,12,0.0,0.0,0.0,20,0.0,0.0,0.0,30,0.0,0.0,0.0,38,0.0,0.0,0.0,0.0,0.0,0.0,0.0,0.139
dense,25,in_corpus,1,5,1.0,0.2,0.33333333333333337,10,1.0,0.1,0.18181818181818182,12,1.0,0.08333333333333333,0.15384615384615385,18,1.0,0.05555555555555555,0.10526315789473684,18,1.0,0.05555555555555555,0.10526315789473684,18,1.0,0.05555555555555555,0.10526315789473684,0.0,0.2,0.38685280723454163,0.38685280723454163,0.052
dense,26,ooc,1,5,0.0,0.0,0.0,10,0.0,0.0,0.0,12,0.0,0.0,0.0,20,0.0,0.0,0.0,30,0.0,0.0,0.0,37,0.0,0.0,0.0,0.0,0.0,0.0,0.0,0.301
dense,27,in_corpus,1,5,1.0,0.2,0.33333333333333337,10,1.0,0.1,0.18181818181818182,12,1.0,0.08333333333333333,0.15384615384615385,20,1.0,0.05,0.09523809523809523,24,1.0,0.041666666666666664,0.07999999999999999,24,1.0,0.041666666666666664,0.07999999999999999,0.0,0.5,0.6309297535714575,0.6309297535714575,0.346
dense,28,in_corpus,1,5,0.0,0.0,0.0,10,0.0,0.0,0.0,12,1.0,0.08333333333333333,0.15384615384615385,20,1.0,0.05,0.09523809523809523,23,1.0,0.043478260869565216,0.08333333333333333,23,1.0,0.043478260869565216,0.08333333333333333,0.0,0.09090909090909091,0.0,0.27894294565112987,0.076
dense,29,unparseable,2,5,0.5,0.2,0.28571428571428575,10,0.5,0.1,0.16666666666666669,12,0.5,0.08333333333333333,0.14285714285714285,20,0.5,0.05,0.09090909090909091,22,0.5,0.045454545454545456,0.08333333333333334,22,0.5,0.045454545454545456,0.08333333333333334,0.5,0.5,0.38685280723454163,0.38685280723454163,0.372
dense,3,in_corpus,2,5,0.5,0.2,0.28571428571428575,10,0.5,0.1,0.16666666666666669,12,0.5,0.08333333333333333,0.14285714285714285,20,0.5,0.05,0.09090909090909091,25,0.5,0.04,0.07407407407407407,25,0.5,0.04,0.07407407407407407,0.0,0.25,0.2640681225725909,0.2640681225725909,0.151
dense,30,in_corpus,1,5,0.0,0.0,0.0,10,0.0,0.0,0.0,12,0.0,0.0,0.0,20,0.0,0.0,0.0,30,0.0,0.0,0.0,31,0.0,0.0,0.0,0.0,0.0,0.0,0.0,0.127
dense,31,in_corpus,1,5,0.0,0.0,0.0,10,0.0,0.0,0.0,12,0.0,0.0,0.0,20,0.0,0.0,0.0,30,0.0,0.0,0.0,31,0.0,0.0,0.0,0.0,0.0,0.0,0.0,0.065
dense,32,unparseable,1,5,0.0,0.0,0.0,10,0.0,0.0,0.0,12,0.0,0.0,0.0,20,0.0,0.0,0.0,30,0.0,0.0,0.0,32,0.0,0.0,0.0,0.0,0.0,0.0,0.0,0.211
dense,33,ooc,1,5,0.0,0.0,0.0,10,0.0,0.0,0.0,12,0.0,0.0,0.0,20,0.0,0.0,0.0,30,0.0,0.0,0.0,30,0.0,0.0,0.0,0.0,0.0,0.0,0.0,0.064
dense,34,ooc,1,5,0.0,0.0,0.0,10,0.0,0.0,0.0,12,0.0,0.0,0.0,20,0.0,0.0,0.0,28,0.0,0.0,0.0,28,0.0,0.0,0.0,0.0,0.0,0.0,0.0,0.06
dense,35,in_corpus,1,5,1.0,0.2,0.33333333333333337,10,1.0,0.1,0.18181818181818182,12,1.0,0.08333333333333333,0.15384615384615385,20,1.0,0.05,0.09523809523809523,22,1.0,0.045454545454545456,0.08695652173913045,22,1.0,0.045454545454545456,0.08695652173913045,0.0,0.3333333333333333,0.5,0.5,0.053
dense,36,in_corpus,1,5,1.0,0.2,0.33333333333333337,10,1.0,0.1,0.18181818181818182,12,1.0,0.08333333333333333,0.15384615384615385,20,1.0,0.05,0.09523809523809523,27,1.0,0.037037037037037035,0.07142857142857142,27,1.0,0.037037037037037035,0.07142857142857142,0.0,0.5,0.6309297535714575,0.6309297535714575,0.261
dense,37,in_corpus,2,5,0.0,0.0,0.0,10,0.0,0.0,0.0,12,0.0,0.0,0.0,20,0.5,0.05,0.09090909090909091,30,0.5,0.03333333333333333,0.0625,30,0.5,0.03333333333333333,0.0625,0.0,0.058823529411764705,0.0,0.14704034066641014,0.306
dense,38,in_corpus,1,5,0.0,0.0,0.0,10,1.0,0.1,0.18181818181818182,12,1.0,0.08333333333333333,0.15384615384615385,20,1.0,0.05,0.09523809523809523,30,1.0,0.03333333333333333,0.06451612903225806,37,1.0,0.02702702702702703,0.052631578947368425,0.0,0.14285714285714285,0.3333333333333333,0.3333333333333333,0.229
dense,39,in_corpus,3,5,0.0,0.0,0.0,10,0.0,0.0,0.0,12,0.0,0.0,0.0,20,0.0,0.0,0.0,30,0.0,0.0,0.0,36,0.3333333333333333,0.027777777777777776,0.05128205128205128,0.0,0.02857142857142857,0.0,0.09077089626867633,0.213
dense,4,in_corpus,2,5,0.5,0.2,0.28571428571428575,10,0.5,0.1,0.16666666666666669,12,1.0,0.16666666666666666,0.2857142857142857,20,1.0,0.1,0.18181818181818182,23,1.0,0.08695652173913043,0.16,23,1.0,0.08695652173913043,0.16,0.5,1.0,0.6131471927654584,0.778842958530688,0.063
dense,40,in_corpus,2,5,0.0,0.0,0.0,10,0.0,0.0,0.0,12,0.0,0.0,0.0,20,0.0,0.0,0.0,30,0.0,0.0,0.0,36,0.0,0.0,0.0,0.0,0.0,0.0,0.0,0.355
dense,41,unparseable,3,5,0.0,0.0,0.0,10,0.0,0.0,0.0,12,0.0,0.0,0.0,20,0.0,0.0,0.0,30,0.0,0.0,0.0,38,0.0,0.0,0.0,0.0,0.0,0.0,0.0,0.131
dense,42,mixed,2,5,0.0,0.0,0.0,10,0.0,0.0,0.0,12,0.0,0.0,0.0,20,0.0,0.0,0.0,30,0.5,0.03333333333333333,0.0625,34,0.5,0.029411764705882353,0.05555555555555555,0.0,0.03571428571428571,0.0,0.12621440746277704,0.065
dense,43,in_corpus,4,5,0.0,0.0,0.0,10,0.0,0.0,0.0,12,0.25,0.08333333333333333,0.125,20,0.25,0.05,0.08333333333333334,29,0.25,0.034482758620689655,0.0606060606060606,29,0.25,0.034482758620689655,0.0606060606060606,0.0,0.08333333333333333,0.0,0.10549558423511038,0.154
dense,44,in_corpus,3,5,0.6666666666666666,0.4,0.5,10,0.6666666666666666,0.2,0.30769230769230765,12,0.6666666666666666,0.16666666666666666,0.26666666666666666,20,0.6666666666666666,0.1,0.1739130434782609,30,0.6666666666666666,0.06666666666666667,0.1212121212121212,32,0.6666666666666666,0.0625,0.11428571428571428,0.3333333333333333,1.0,0.6713860725233041,0.6713860725233041,0.067
dense,45,in_corpus,3,5,0.0,0.0,0.0,10,0.0,0.0,0.0,12,0.0,0.0,0.0,20,0.0,0.0,0.0,30,0.0,0.0,0.0,33,0.0,0.0,0.0,0.0,0.0,0.0,0.0,0.194
dense,46,in_corpus,1,5,0.0,0.0,0.0,10,0.0,0.0,0.0,12,0.0,0.0,0.0,20,0.0,0.0,0.0,29,0.0,0.0,0.0,29,0.0,0.0,0.0,0.0,0.0,0.0,0.0,0.072
dense,47,in_corpus,3,5,0.0,0.0,0.0,10,0.0,0.0,0.0,12,0.3333333333333333,0.08333333333333333,0.13333333333333333,20,0.3333333333333333,0.05,0.08695652173913045,24,0.3333333333333333,0.041666666666666664,0.07407407407407407,24,0.3333333333333333,0.041666666666666664,0.07407407407407407,0.0,0.08333333333333333,0.0,0.12681701683239352,0.225
dense,48,unparseable,1,5,1.0,0.2,0.33333333333333337,10,1.0,0.1,0.18181818181818182,12,1.0,0.08333333333333333,0.15384615384615385,20,1.0,0.05,0.09523809523809523,24,1.0,0.041666666666666664,0.07999999999999999,24,1.0,0.041666666666666664,0.07999999999999999,1.0,1.0,1.0,1.0,0.147
dense,49,in_corpus,3,5,0.0,0.0,0.0,10,0.0,0.0,0.0,12,0.0,0.0,0.0,20,0.0,0.0,0.0,27,0.0,0.0,0.0,27,0.0,0.0,0.0,0.0,0.0,0.0,0.0,0.198
dense,5,unparseable,3,5,0.0,0.0,0.0,10,0.0,0.0,0.0,12,0.0,0.0,0.0,20,0.0,0.0,0.0,30,0.0,0.0,0.0,30,0.0,0.0,0.0,0.0,0.0,0.0,0.0,0.159
dense,50,unparseable,1,5,1.0,0.2,0.33333333333333337,10,1.0,0.1,0.18181818181818182,12,1.0,0.08333333333333333,0.15384615384615385,20,1.0,0.05,0.09523809523809523,23,1.0,0.043478260869565216,0.08333333333333333,23,1.0,0.043478260869565216,0.08333333333333333,1.0,1.0,1.0,1.0,0.352
dense,51,in_corpus,3,5,0.0,0.0,0.0,10,0.3333333333333333,0.1,0.15384615384615383,12,0.3333333333333333,0.08333333333333333,0.13333333333333333,20,0.3333333333333333,0.05,0.08695652173913045,30,0.6666666666666666,0.06666666666666667,0.1212121212121212,31,0.6666666666666666,0.06451612903225806,0.1176470588235294,0.0,0.1,0.13565197343244778,0.2312886535008282,0.071
dense,52,in_corpus,2,5,0.0,0.0,0.0,10,0.0,0.0,0.0,12,0.0,0.0,0.0,20,0.0,0.0,0.0,30,0.5,0.03333333333333333,0.0625,38,1.0,0.05263157894736842,0.1,0.0,0.037037037037037035,0.0,0.24614242300423614,0.179
dense,53,in_corpus,2,5,0.5,0.2,0.28571428571428575,10,0.5,0.1,0.16666666666666669,12,0.5,0.08333333333333333,0.14285714285714285,20,1.0,0.1,0.18181818181818182,30,1.0,0.06666666666666667,0.125,34,1.0,0.058823529411764705,0.1111111111111111,0.0,0.3333333333333333,0.3065735963827292,0.4676164214719373,0.106
dense,54,in_corpus,1,5,1.0,0.2,0.33333333333333337,10,1.0,0.1,0.18181818181818182,12,1.0,0.08333333333333333,0.15384615384615385,20,1.0,0.05,0.09523809523809523,20,1.0,0.05,0.09523809523809523,20,1.0,0.05,0.09523809523809523,1.0,1.0,1.0,1.0,0.047
dense,55,in_corpus,4,5,0.0,0.0,0.0,10,0.0,0.0,0.0,12,0.0,0.0,0.0,20,0.5,0.1,0.16666666666666669,29,0.5,0.06896551724137931,0.1212121212121212,29,0.5,0.06896551724137931,0.1212121212121212,0.0,0.06666666666666667,0.0,0.1912130151856218,0.045
dense,56,in_corpus,2,5,0.0,0.0,0.0,10,0.0,0.0,0.0,12,0.0,0.0,0.0,20,0.0,0.0,0.0,30,0.0,0.0,0.0,34,0.0,0.0,0.0,0.0,0.0,0.0,0.0,0.057
dense,57,unparseable,2,5,0.0,0.0,0.0,10,0.0,0.0,0.0,12,0.0,0.0,0.0,20,0.0,0.0,0.0,30,0.0,0.0,0.0,35,0.0,0.0,0.0,0.0,0.0,0.0,0.0,0.07
dense,58,in_corpus,3,5,0.0,0.0,0.0,10,0.0,0.0,0.0,12,0.0,0.0,0.0,20,0.3333333333333333,0.05,0.08695652173913045,30,0.3333333333333333,0.03333333333333333,0.0606060606060606,31,0.3333333333333333,0.03225806451612903,0.0588235294117647,0.0,0.07142857142857142,0.0,0.12011565579805131,0.152
dense,59,in_corpus,1,5,1.0,0.2,0.33333333333333337,10,1.0,0.1,0.18181818181818182,12,1.0,0.08333333333333333,0.15384615384615385,20,1.0,0.05,0.09523809523809523,20,1.0,0.05,0.09523809523809523,20,1.0,0.05,0.09523809523809523,0.0,0.5,0.6309297535714575,0.6309297535714575,0.129
dense,6,ooc,1,5,0.0,0.0,0.0,10,0.0,0.0,0.0,12,0.0,0.0,0.0,20,0.0,0.0,0.0,30,0.0,0.0,0.0,36,0.0,0.0,0.0,0.0,0.0,0.0,0.0,2.938
dense,60,in_corpus,1,5,0.0,0.0,0.0,10,0.0,0.0,0.0,12,0.0,0.0,0.0,20,0.0,0.0,0.0,25,0.0,0.0,0.0,25,0.0,0.0,0.0,0.0,0.0,0.0,0.0,0.115
dense,61,unparseable,2,5,0.0,0.0,0.0,10,0.0,0.0,0.0,12,0.0,0.0,0.0,20,0.0,0.0,0.0,30,0.0,0.0,0.0,37,0.0,0.0,0.0,0.0,0.0,0.0,0.0,0.203
dense,62,in_corpus,2,5,0.0,0.0,0.0,10,0.0,0.0,0.0,12,0.0,0.0,0.0,20,0.5,0.05,0.09090909090909091,28,0.5,0.03571428571428571,0.06666666666666667,28,0.5,0.03571428571428571,0.06666666666666667,0.0,0.07692307692307693,0.0,0.16104282508920814,0.058
dense,63,unparseable,2,5,0.0,0.0,0.0,10,0.0,0.0,0.0,12,0.0,0.0,0.0,20,0.0,0.0,0.0,30,0.0,0.0,0.0,33,0.0,0.0,0.0,0.0,0.0,0.0,0.0,0.051
dense,64,in_corpus,2,5,0.5,0.2,0.28571428571428575,10,0.5,0.1,0.16666666666666669,12,0.5,0.08333333333333333,0.14285714285714285,20,0.5,0.05,0.09090909090909091,30,0.5,0.03333333333333333,0.0625,30,0.5,0.03333333333333333,0.0625,0.0,0.25,0.2640681225725909,0.2640681225725909,0.153
dense,65,in_corpus,1,5,0.0,0.0,0.0,10,1.0,0.1,0.18181818181818182,12,1.0,0.08333333333333333,0.15384615384615385,20,1.0,0.05,0.09523809523809523,30,1.0,0.03333333333333333,0.06451612903225806,35,1.0,0.02857142857142857,0.05555555555555556,0.0,0.16666666666666666,0.3562071871080222,0.3562071871080222,0.196
dense,66,in_corpus,2,5,0.0,0.0,0.0,10,0.0,0.0,0.0,12,0.0,0.0,0.0,20,0.0,0.0,0.0,30,0.0,0.0,0.0,34,0.0,0.0,0.0,0.0,0.0,0.0,0.0,0.085
dense,67,in_corpus,1,5,1.0,0.2,0.33333333333333337,10,1.0,0.1,0.18181818181818182,12,1.0,0.08333333333333333,0.15384615384615385,20,1.0,0.05,0.09523809523809523,29,1.0,0.034482758620689655,0.06666666666666667,29,1.0,0.034482758620689655,0.06666666666666667,0.0,0.3333333333333333,0.5,0.5,0.302
dense,68,in_corpus,3,5,0.0,0.0,0.0,10,0.0,0.0,0.0,12,0.0,0.0,0.0,20,0.0,0.0,0.0,30,0.0,0.0,0.0,32,0.0,0.0,0.0,0.0,0.0,0.0,0.0,0.171
dense,69,in_corpus,1,5,0.0,0.0,0.0,10,0.0,0.0,0.0,12,0.0,0.0,0.0,20,1.0,0.05,0.09523809523809523,30,1.0,0.03333333333333333,0.06451612903225806,33,1.0,0.030303030303030304,0.05882352941176471,0.0,0.06666666666666667,0.0,0.25,0.129
dense,7,in_corpus,1,5,1.0,0.2,0.33333333333333337,10,1.0,0.1,0.18181818181818182,12,1.0,0.08333333333333333,0.15384615384615385,20,1.0,0.05,0.09523809523809523,22,1.0,0.045454545454545456,0.08695652173913045,22,1.0,0.045454545454545456,0.08695652173913045,0.0,0.5,0.6309297535714575,0.6309297535714575,0.111
dense,70,in_corpus,3,5,0.0,0.0,0.0,10,0.3333333333333333,0.1,0.15384615384615383,12,0.3333333333333333,0.08333333333333333,0.13333333333333333,20,0.3333333333333333,0.05,0.08695652173913045,30,0.3333333333333333,0.03333333333333333,0.0606060606060606,30,0.3333333333333333,0.03333333333333333,0.0606060606060606,0.0,0.1111111111111111,0.14126697285982898,0.14126697285982898,0.14
dense,71,in_corpus,3,5,0.0,0.0,0.0,10,0.0,0.0,0.0,12,0.0,0.0,0.0,20,0.0,0.0,0.0,29,0.0,0.0,0.0,29,0.0,0.0,0.0,0.0,0.0,0.0,0.0,0.164
dense,72,in_corpus,2,5,0.5,0.2,0.28571428571428575,10,1.0,0.2,0.33333333333333337,12,1.0,0.16666666666666666,0.2857142857142857,19,1.0,0.10526315789473684,0.1904761904761905,19,1.0,0.10526315789473684,0.1904761904761905,19,1.0,0.10526315789473684,0.1904761904761905,0.0,0.2,0.45560514958746035,0.45560514958746035,0.211
dense,73,in_corpus,2,5,0.0,0.0,0.0,10,0.0,0.0,0.0,12,0.0,0.0,0.0,20,0.0,0.0,0.0,30,0.0,0.0,0.0,34,0.0,0.0,0.0,0.0,0.0,0.0,0.0,0.082
dense,74,in_corpus,2,5,0.0,0.0,0.0,10,0.5,0.1,0.16666666666666669,12,0.5,0.08333333333333333,0.14285714285714285,20,0.5,0.05,0.09090909090909091,30,1.0,0.06666666666666667,0.125,31,1.0,0.06451612903225806,0.12121212121212122,0.0,0.1,0.17723928678404774,0.3010024875841342,0.051
dense,75,unparseable,2,5,0.0,0.0,0.0,10,0.0,0.0,0.0,12,0.0,0.0,0.0,20,0.0,0.0,0.0,30,0.0,0.0,0.0,33,0.0,0.0,0.0,0.0,0.0,0.0,0.0,0.286
dense,76,in_corpus,4,5,0.25,0.2,0.22222222222222224,10,0.5,0.2,0.28571428571428575,12,0.5,0.16666666666666666,0.25,20,0.5,0.1,0.16666666666666669,30,0.5,0.06666666666666667,0.11764705882352941,33,0.75,0.09090909090909091,0.16216216216216214,0.25,1.0,0.5205067333228022,0.5985827433212225,0.05
dense,77,in_corpus,2,5,0.5,0.2,0.28571428571428575,10,0.5,0.1,0.16666666666666669,12,0.5,0.08333333333333333,0.14285714285714285,20,0.5,0.05,0.09090909090909091,29,0.5,0.034482758620689655,0.06451612903225806,29,0.5,0.034482758620689655,0.06451612903225806,0.0,0.3333333333333333,0.3065735963827292,0.3065735963827292,0.05
dense,78,unparseable,1,5,1.0,0.2,0.33333333333333337,10,1.0,0.1,0.18181818181818182,12,1.0,0.08333333333333333,0.15384615384615385,20,1.0,0.05,0.09523809523809523,24,1.0,0.041666666666666664,0.07999999999999999,24,1.0,0.041666666666666664,0.07999999999999999,1.0,1.0,1.0,1.0,0.051
dense,79,in_corpus,1,5,0.0,0.0,0.0,10,0.0,0.0,0.0,12,0.0,0.0,0.0,20,0.0,0.0,0.0,30,0.0,0.0,0.0,35,0.0,0.0,0.0,0.0,0.0,0.0,0.0,0.045
dense,8,unparseable,2,5,0.0,0.0,0.0,10,0.0,0.0,0.0,12,0.0,0.0,0.0,20,0.0,0.0,0.0,30,0.0,0.0,0.0,36,0.0,0.0,0.0,0.0,0.0,0.0,0.0,0.09
dense,80,in_corpus,1,5,0.0,0.0,0.0,10,0.0,0.0,0.0,12,0.0,0.0,0.0,20,0.0,0.0,0.0,30,0.0,0.0,0.0,32,0.0,0.0,0.0,0.0,0.0,0.0,0.0,0.158
dense,81,in_corpus,4,5,0.5,0.4,0.4444444444444445,10,0.5,0.2,0.28571428571428575,12,0.75,0.25,0.375,20,0.75,0.15,0.24999999999999997,30,0.75,0.1,0.17647058823529416,31,0.75,0.0967741935483871,0.1714285714285714,0.25,1.0,0.5413996682199069,0.6468952524550173,0.154
dense,82,in_corpus,2,5,0.0,0.0,0.0,10,0.0,0.0,0.0,12,0.0,0.0,0.0,20,0.0,0.0,0.0,30,0.0,0.0,0.0,36,0.0,0.0,0.0,0.0,0.0,0.0,0.0,0.156
dense,83,in_corpus,1,5,1.0,0.2,0.33333333333333337,10,1.0,0.1,0.18181818181818182,12,1.0,0.08333333333333333,0.15384615384615385,20,1.0,0.05,0.09523809523809523,30,1.0,0.03333333333333333,0.06451612903225806,30,1.0,0.03333333333333333,0.06451612903225806,0.0,0.5,0.6309297535714575,0.6309297535714575,0.057
dense,84,in_corpus,1,5,0.0,0.0,0.0,10,0.0,0.0,0.0,12,0.0,0.0,0.0,20,0.0,0.0,0.0,30,0.0,0.0,0.0,33,0.0,0.0,0.0,0.0,0.0,0.0,0.0,0.058
dense,85,unparseable,3,5,0.0,0.0,0.0,10,0.0,0.0,0.0,12,0.0,0.0,0.0,20,0.0,0.0,0.0,30,0.0,0.0,0.0,36,0.0,0.0,0.0,0.0,0.0,0.0,0.0,0.22
dense,86,in_corpus,3,5,0.0,0.0,0.0,10,0.0,0.0,0.0,12,0.0,0.0,0.0,20,0.3333333333333333,0.05,0.08695652173913045,30,0.3333333333333333,0.03333333333333333,0.0606060606060606,38,0.3333333333333333,0.02631578947368421,0.048780487804878044,0.0,0.058823529411764705,0.0,0.1125388887954676,0.052
dense,87,in_corpus,1,5,1.0,0.2,0.33333333333333337,10,1.0,0.1,0.18181818181818182,12,1.0,0.08333333333333333,0.15384615384615385,20,1.0,0.05,0.09523809523809523,20,1.0,0.05,0.09523809523809523,20,1.0,0.05,0.09523809523809523,0.0,0.5,0.6309297535714575,0.6309297535714575,0.039
dense,88,in_corpus,3,5,0.0,0.0,0.0,10,0.0,0.0,0.0,12,0.0,0.0,0.0,20,0.3333333333333333,0.05,0.08695652173913045,30,0.3333333333333333,0.03333333333333333,0.0606060606060606,31,0.3333333333333333,0.03225806451612903,0.0588235294117647,0.0,0.05263157894736842,0.0,0.10858087310103355,0.025
dense,89,in_corpus,2,5,0.0,0.0,0.0,10,0.5,0.1,0.16666666666666669,12,0.5,0.08333333333333333,0.14285714285714285,20,0.5,0.05,0.09090909090909091,22,0.5,0.045454545454545456,0.08333333333333334,22,0.5,0.045454545454545456,0.08333333333333334,0.0,0.1111111111111111,0.18457569677956817,0.18457569677956817,0.024
dense,9,in_corpus,4,5,0.5,0.4,0.4444444444444445,10,0.75,0.3,0.4285714285714285,12,0.75,0.25,0.375,20,0.75,0.15,0.24999999999999997,21,0.75,0.14285714285714285,0.24,21,0.75,0.14285714285714285,0.24,0.25,0.5,0.5148381117249624,0.5148381117249624,0.076
dense,90,in_corpus,3,5,0.3333333333333333,0.2,0.25,10,0.3333333333333333,0.1,0.15384615384615383,12,0.6666666666666666,0.16666666666666666,0.26666666666666666,20,0.6666666666666666,0.1,0.1739130434782609,23,0.6666666666666666,0.08695652173913043,0.15384615384615383,23,0.6666666666666666,0.08695652173913043,0.15384615384615383,0.3333333333333333,1.0,0.46927872602275644,0.6001807161909536,0.031
dense,91,in_corpus,2,5,0.0,0.0,0.0,10,0.0,0.0,0.0,12,0.0,0.0,0.0,20,0.0,0.0,0.0,30,0.0,0.0,0.0,31,0.0,0.0,0.0,0.0,0.0,0.0,0.0,0.024
dense,92,in_corpus,3,5,0.0,0.0,0.0,10,0.3333333333333333,0.1,0.15384615384615383,12,0.3333333333333333,0.08333333333333333,0.13333333333333333,20,0.3333333333333333,0.05,0.08695652173913045,30,0.3333333333333333,0.03333333333333333,0.0606060606060606,33,0.3333333333333333,0.030303030303030304,0.05555555555555555,0.0,0.1111111111111111,0.14126697285982898,0.14126697285982898,0.028
dense,93,in_corpus,2,5,0.5,0.2,0.28571428571428575,10,0.5,0.1,0.16666666666666669,12,0.5,0.08333333333333333,0.14285714285714285,20,0.5,0.05,0.09090909090909091,23,0.5,0.043478260869565216,0.08,23,0.5,0.043478260869565216,0.08,0.0,0.2,0.23719771276929622,0.23719771276929622,0.022
dense,94,mixed,2,5,0.0,0.0,0.0,10,0.0,0.0,0.0,12,0.0,0.0,0.0,20,0.0,0.0,0.0,30,0.5,0.03333333333333333,0.0625,37,0.5,0.02702702702702703,0.05128205128205129,0.0,0.045454545454545456,0.0,0.13554521828632396,0.036
dense,95,in_corpus,3,5,0.6666666666666666,0.4,0.5,10,0.6666666666666666,0.2,0.30769230769230765,12,1.0,0.25,0.4,20,1.0,0.15,0.2608695652173913,25,1.0,0.12,0.21428571428571425,25,1.0,0.12,0.21428571428571425,0.6666666666666666,1.0,0.7653606369886217,0.8962626271568189,0.2
dense,97,in_corpus,2,5,0.0,0.0,0.0,10,0.0,0.0,0.0,12,0.0,0.0,0.0,20,0.0,0.0,0.0,30,0.0,0.0,0.0,37,0.0,0.0,0.0,0.0,0.0,0.0,0.0,0.358
dense,98,unparseable,2,5,0.0,0.0,0.0,10,0.0,0.0,0.0,12,0.0,0.0,0.0,20,0.0,0.0,0.0,30,0.0,0.0,0.0,31,0.0,0.0,0.0,0.0,0.0,0.0,0.0,0.06
dense,99,in_corpus,2,5,0.0,0.0,0.0,10,0.0,0.0,0.0,12,0.0,0.0,0.0,20,1.0,0.1,0.18181818181818182,30,1.0,0.06666666666666667,0.125,35,1.0,0.05714285714285714,0.1081081081081081,0.0,0.06666666666666667,0.0,0.30032713885777473,0.153
full_rerank,1,ooc,2,0,0.0,0.0,0.0,0,0.0,0.0,0.0,0,0.0,0.0,0.0,0,0.0,0.0,0.0,0,0.0,0.0,0.0,0,0.0,0.0,0.0,0.0,0.0,0.0,0.0,3.271
full_rerank,10,unparseable,1,5,1.0,0.2,0.33333333333333337,9,1.0,0.1111111111111111,0.19999999999999998,9,1.0,0.1111111111111111,0.19999999999999998,9,1.0,0.1111111111111111,0.19999999999999998,9,1.0,0.1111111111111111,0.19999999999999998,9,1.0,0.1111111111111111,0.19999999999999998,0.0,0.3333333333333333,0.5,0.5,0.866
full_rerank,100,in_corpus,3,5,0.0,0.0,0.0,10,0.0,0.0,0.0,12,0.0,0.0,0.0,12,0.0,0.0,0.0,12,0.0,0.0,0.0,12,0.0,0.0,0.0,0.0,0.0,0.0,0.0,1.643
full_rerank,101,in_corpus,1,5,0.0,0.0,0.0,10,0.0,0.0,0.0,11,0.0,0.0,0.0,11,0.0,0.0,0.0,11,0.0,0.0,0.0,11,0.0,0.0,0.0,0.0,0.0,0.0,0.0,1.838
full_rerank,102,in_corpus,1,5,1.0,0.2,0.33333333333333337,7,1.0,0.14285714285714285,0.25,7,1.0,0.14285714285714285,0.25,7,1.0,0.14285714285714285,0.25,7,1.0,0.14285714285714285,0.25,7,1.0,0.14285714285714285,0.25,0.0,0.3333333333333333,0.5,0.5,2.309
full_rerank,103,in_corpus,5,5,0.0,0.0,0.0,10,0.0,0.0,0.0,11,0.0,0.0,0.0,11,0.0,0.0,0.0,11,0.0,0.0,0.0,11,0.0,0.0,0.0,0.0,0.0,0.0,0.0,1.663
full_rerank,104,in_corpus,1,5,1.0,0.2,0.33333333333333337,9,1.0,0.1111111111111111,0.19999999999999998,9,1.0,0.1111111111111111,0.19999999999999998,9,1.0,0.1111111111111111,0.19999999999999998,9,1.0,0.1111111111111111,0.19999999999999998,9,1.0,0.1111111111111111,0.19999999999999998,0.0,0.5,0.6309297535714575,0.6309297535714575,1.308
full_rerank,105,unparseable,2,5,0.0,0.0,0.0,10,0.0,0.0,0.0,11,0.0,0.0,0.0,11,0.0,0.0,0.0,11,0.0,0.0,0.0,11,0.0,0.0,0.0,0.0,0.0,0.0,0.0,1.98
full_rerank,106,in_corpus,1,5,0.0,0.0,0.0,10,1.0,0.1,0.18181818181818182,12,1.0,0.08333333333333333,0.15384615384615385,12,1.0,0.08333333333333333,0.15384615384615385,12,1.0,0.08333333333333333,0.15384615384615385,12,1.0,0.08333333333333333,0.15384615384615385,0.0,0.14285714285714285,0.3333333333333333,0.3333333333333333,0.94
full_rerank,107,in_corpus,1,5,0.0,0.0,0.0,10,0.0,0.0,0.0,10,0.0,0.0,0.0,10,0.0,0.0,0.0,10,0.0,0.0,0.0,10,0.0,0.0,0.0,0.0,0.0,0.0,0.0,1.301
full_rerank,108,unparseable,4,5,0.0,0.0,0.0,10,0.0,0.0,0.0,11,0.0,0.0,0.0,11,0.0,0.0,0.0,11,0.0,0.0,0.0,11,0.0,0.0,0.0,0.0,0.0,0.0,0.0,1.418
full_rerank,109,in_corpus,2,5,1.0,0.4,0.5714285714285715,10,1.0,0.2,0.33333333333333337,10,1.0,0.2,0.33333333333333337,10,1.0,0.2,0.33333333333333337,10,1.0,0.2,0.33333333333333337,10,1.0,0.2,0.33333333333333337,0.5,1.0,0.8503449055347546,0.8503449055347546,1.27
full_rerank,11,mixed,2,5,0.5,0.2,0.28571428571428575,6,0.5,0.16666666666666666,0.25,6,0.5,0.16666666666666666,0.25,6,0.5,0.16666666666666666,0.25,6,0.5,0.16666666666666666,0.25,6,0.5,0.16666666666666666,0.25,0.5,0.5,0.38685280723454163,0.38685280723454163,0.732
full_rerank,110,in_corpus,3,5,0.3333333333333333,0.2,0.25,9,0.3333333333333333,0.1111111111111111,0.16666666666666666,9,0.3333333333333333,0.1111111111111111,0.16666666666666666,9,0.3333333333333333,0.1111111111111111,0.16666666666666666,9,0.3333333333333333,0.1111111111111111,0.16666666666666666,9,0.3333333333333333,0.1111111111111111,0.16666666666666666,0.3333333333333333,0.5,0.2960819109658652,0.2960819109658652,1.855
full_rerank,111,unparseable,4,5,0.0,0.0,0.0,10,0.0,0.0,0.0,10,0.0,0.0,0.0,10,0.0,0.0,0.0,10,0.0,0.0,0.0,10,0.0,0.0,0.0,0.0,0.0,0.0,0.0,0.88
full_rerank,112,in_corpus,1,5,0.0,0.0,0.0,10,0.0,0.0,0.0,10,0.0,0.0,0.0,10,0.0,0.0,0.0,10,0.0,0.0,0.0,10,0.0,0.0,0.0,0.0,0.0,0.0,0.0,0.99
full_rerank,113,unparseable,4,5,0.0,0.0,0.0,10,0.0,0.0,0.0,11,0.0,0.0,0.0,11,0.0,0.0,0.0,11,0.0,0.0,0.0,11,0.0,0.0,0.0,0.0,0.0,0.0,0.0,1.774
full_rerank,114,in_corpus,1,5,0.0,0.0,0.0,10,0.0,0.0,0.0,11,0.0,0.0,0.0,11,0.0,0.0,0.0,11,0.0,0.0,0.0,11,0.0,0.0,0.0,0.0,0.0,0.0,0.0,0.89
full_rerank,115,in_corpus,1,5,0.0,0.0,0.0,9,0.0,0.0,0.0,9,0.0,0.0,0.0,9,0.0,0.0,0.0,9,0.0,0.0,0.0,9,0.0,0.0,0.0,0.0,0.0,0.0,0.0,0.772
full_rerank,116,in_corpus,1,5,0.0,0.0,0.0,10,0.0,0.0,0.0,10,0.0,0.0,0.0,10,0.0,0.0,0.0,10,0.0,0.0,0.0,10,0.0,0.0,0.0,0.0,0.0,0.0,0.0,0.992
full_rerank,117,in_corpus,1,5,1.0,0.2,0.33333333333333337,8,1.0,0.125,0.2222222222222222,8,1.0,0.125,0.2222222222222222,8,1.0,0.125,0.2222222222222222,8,1.0,0.125,0.2222222222222222,8,1.0,0.125,0.2222222222222222,1.0,1.0,1.0,1.0,0.998
full_rerank,118,in_corpus,1,5,1.0,0.2,0.33333333333333337,9,1.0,0.1111111111111111,0.19999999999999998,9,1.0,0.1111111111111111,0.19999999999999998,9,1.0,0.1111111111111111,0.19999999999999998,9,1.0,0.1111111111111111,0.19999999999999998,9,1.0,0.1111111111111111,0.19999999999999998,0.0,0.3333333333333333,0.5,0.5,0.97
full_rerank,119,in_corpus,1,5,0.0,0.0,0.0,10,1.0,0.1,0.18181818181818182,10,1.0,0.1,0.18181818181818182,10,1.0,0.1,0.18181818181818182,10,1.0,0.1,0.18181818181818182,10,1.0,0.1,0.18181818181818182,0.0,0.1,0.2890648263178879,0.2890648263178879,0.671
full_rerank,12,in_corpus,2,5,0.0,0.0,0.0,8,0.0,0.0,0.0,8,0.0,0.0,0.0,8,0.0,0.0,0.0,8,0.0,0.0,0.0,8,0.0,0.0,0.0,0.0,0.0,0.0,0.0,1.213
full_rerank,120,in_corpus,1,5,0.0,0.0,0.0,8,1.0,0.125,0.2222222222222222,8,1.0,0.125,0.2222222222222222,8,1.0,0.125,0.2222222222222222,8,1.0,0.125,0.2222222222222222,8,1.0,0.125,0.2222222222222222,0.0,0.14285714285714285,0.3333333333333333,0.3333333333333333,0.677
full_rerank,121,in_corpus,1,5,1.0,0.2,0.33333333333333337,10,1.0,0.1,0.18181818181818182,12,1.0,0.08333333333333333,0.15384615384615385,12,1.0,0.08333333333333333,0.15384615384615385,12,1.0,0.08333333333333333,0.15384615384615385,12,1.0,0.08333333333333333,0.15384615384615385,0.0,0.3333333333333333,0.5,0.5,0.898
full_rerank,122,unparseable,4,5,0.0,0.0,0.0,10,0.0,0.0,0.0,11,0.0,0.0,0.0,11,0.0,0.0,0.0,11,0.0,0.0,0.0,11,0.0,0.0,0.0,0.0,0.0,0.0,0.0,0.886
full_rerank,123,unparseable,2,5,0.0,0.0,0.0,10,0.0,0.0,0.0,12,0.0,0.0,0.0,12,0.0,0.0,0.0,12,0.0,0.0,0.0,12,0.0,0.0,0.0,0.0,0.0,0.0,0.0,0.946
full_rerank,124,unparseable,1,5,0.0,0.0,0.0,8,0.0,0.0,0.0,8,0.0,0.0,0.0,8,0.0,0.0,0.0,8,0.0,0.0,0.0,8,0.0,0.0,0.0,0.0,0.0,0.0,0.0,0.698
full_rerank,125,unparseable,4,5,0.0,0.0,0.0,10,0.0,0.0,0.0,11,0.0,0.0,0.0,11,0.0,0.0,0.0,11,0.0,0.0,0.0,11,0.0,0.0,0.0,0.0,0.0,0.0,0.0,1.027
full_rerank,126,in_corpus,1,5,1.0,0.2,0.33333333333333337,10,1.0,0.1,0.18181818181818182,12,1.0,0.08333333333333333,0.15384615384615385,12,1.0,0.08333333333333333,0.15384615384615385,12,1.0,0.08333333333333333,0.15384615384615385,12,1.0,0.08333333333333333,0.15384615384615385,1.0,1.0,1.0,1.0,1.193
full_rerank,127,in_corpus,2,5,0.5,0.2,0.28571428571428575,7,1.0,0.2857142857142857,0.4444444444444445,7,1.0,0.2857142857142857,0.4444444444444445,7,1.0,0.2857142857142857,0.4444444444444445,7,1.0,0.2857142857142857,0.4444444444444445,7,1.0,0.2857142857142857,0.4444444444444445,0.0,0.2,0.4415801103577823,0.4415801103577823,1.177
full_rerank,128,unparseable,1,5,0.0,0.0,0.0,10,0.0,0.0,0.0,11,0.0,0.0,0.0,11,0.0,0.0,0.0,11,0.0,0.0,0.0,11,0.0,0.0,0.0,0.0,0.0,0.0,0.0,1.052
full_rerank,129,in_corpus,1,5,0.0,0.0,0.0,8,0.0,0.0,0.0,8,0.0,0.0,0.0,8,0.0,0.0,0.0,8,0.0,0.0,0.0,8,0.0,0.0,0.0,0.0,0.0,0.0,0.0,1.471
full_rerank,13,mixed,3,5,0.6666666666666666,0.4,0.5,10,0.6666666666666666,0.2,0.30769230769230765,10,0.6666666666666666,0.2,0.30769230769230765,10,0.6666666666666666,0.2,0.30769230769230765,10,0.6666666666666666,0.2,0.30769230769230765,10,0.6666666666666666,0.2,0.30769230769230765,0.3333333333333333,0.3333333333333333,0.4367467095119258,0.4367467095119258,0.781
full_rerank,130,in_corpus,1,5,0.0,0.0,0.0,10,1.0,0.1,0.18181818181818182,10,1.0,0.1,0.18181818181818182,10,1.0,0.1,0.18181818181818182,10,1.0,0.1,0.18181818181818182,10,1.0,0.1,0.18181818181818182,0.0,0.125,0.31546487678572877,0.31546487678572877,1.192
full_rerank,131,in_corpus,2,5,0.5,0.2,0.28571428571428575,7,0.5,0.14285714285714285,0.22222222222222224,7,0.5,0.14285714285714285,0.22222222222222224,7,0.5,0.14285714285714285,0.22222222222222224,7,0.5,0.14285714285714285,0.22222222222222224,7,0.5,0.14285714285714285,0.22222222222222224,0.5,0.5,0.38685280723454163,0.38685280723454163,1.241
full_rerank,132,in_corpus,5,5,0.0,0.0,0.0,10,0.0,0.0,0.0,11,0.0,0.0,0.0,11,0.0,0.0,0.0,11,0.0,0.0,0.0,11,0.0,0.0,0.0,0.0,0.0,0.0,0.0,1.736
full_rerank,133,in_corpus,1,5,0.0,0.0,0.0,10,1.0,0.1,0.18181818181818182,11,1.0,0.09090909090909091,0.16666666666666669,11,1.0,0.09090909090909091,0.16666666666666669,11,1.0,0.09090909090909091,0.16666666666666669,11,1.0,0.09090909090909091,0.16666666666666669,0.0,0.16666666666666666,0.3562071871080222,0.3562071871080222,1.775
full_rerank,134,in_corpus,6,5,0.16666666666666666,0.2,0.1818181818181818,10,0.16666666666666666,0.1,0.125,12,0.16666666666666666,0.08333333333333333,0.1111111111111111,12,0.16666666666666666,0.08333333333333333,0.1111111111111111,12,0.16666666666666666,0.08333333333333333,0.1111111111111111,12,0.16666666666666666,0.08333333333333333,0.1111111111111111,0.16666666666666666,0.5,0.19092086617893467,0.19092086617893467,1.163
full_rerank,135,in_corpus,1,5,1.0,0.2,0.33333333333333337,7,1.0,0.14285714285714285,0.25,7,1.0,0.14285714285714285,0.25,7,1.0,0.14285714285714285,0.25,7,1.0,0.14285714285714285,0.25,7,1.0,0.14285714285714285,0.25,1.0,1.0,1.0,1.0,0.869
full_rerank,136,unparseable,4,5,0.0,0.0,0.0,9,0.0,0.0,0.0,9,0.0,0.0,0.0,9,0.0,0.0,0.0,9,0.0,0.0,0.0,9,0.0,0.0,0.0,0.0,0.0,0.0,0.0,1.15
full_rerank,137,in_corpus,1,5,0.0,0.0,0.0,10,0.0,0.0,0.0,10,0.0,0.0,0.0,10,0.0,0.0,0.0,10,0.0,0.0,0.0,10,0.0,0.0,0.0,0.0,0.0,0.0,0.0,1.712
full_rerank,138,in_corpus,1,5,0.0,0.0,0.0,7,1.0,0.14285714285714285,0.25,7,1.0,0.14285714285714285,0.25,7,1.0,0.14285714285714285,0.25,7,1.0,0.14285714285714285,0.25,7,1.0,0.14285714285714285,0.25,0.0,0.14285714285714285,0.3333333333333333,0.3333333333333333,1.022
full_rerank,139,in_corpus,5,5,0.0,0.0,0.0,9,0.0,0.0,0.0,9,0.0,0.0,0.0,9,0.0,0.0,0.0,9,0.0,0.0,0.0,9,0.0,0.0,0.0,0.0,0.0,0.0,0.0,1.138
full_rerank,14,ooc,2,5,0.0,0.0,0.0,10,0.0,0.0,0.0,11,0.0,0.0,0.0,11,0.0,0.0,0.0,11,0.0,0.0,0.0,11,0.0,0.0,0.0,0.0,0.0,0.0,0.0,0.708
full_rerank,140,in_corpus,1,5,0.0,0.0,0.0,6,1.0,0.16666666666666666,0.2857142857142857,6,1.0,0.16666666666666666,0.2857142857142857,6,1.0,0.16666666666666666,0.2857142857142857,6,1.0,0.16666666666666666,0.2857142857142857,6,1.0,0.16666666666666666,0.2857142857142857,0.0,0.16666666666666666,0.3562071871080222,0.3562071871080222,0.988
full_rerank,141,unparseable,4,5,0.0,0.0,0.0,9,0.0,0.0,0.0,9,0.0,0.0,0.0,9,0.0,0.0,0.0,9,0.0,0.0,0.0,9,0.0,0.0,0.0,0.0,0.0,0.0,0.0,1.312
full_rerank,142,in_corpus,1,5,0.0,0.0,0.0,10,0.0,0.0,0.0,10,0.0,0.0,0.0,10,0.0,0.0,0.0,10,0.0,0.0,0.0,10,0.0,0.0,0.0,0.0,0.0,0.0,0.0,1.114
full_rerank,143,unparseable,4,5,0.0,0.0,0.0,10,0.0,0.0,0.0,12,0.0,0.0,0.0,12,0.0,0.0,0.0,12,0.0,0.0,0.0,12,0.0,0.0,0.0,0.0,0.0,0.0,0.0,1.301
full_rerank,144,in_corpus,1,5,0.0,0.0,0.0,7,1.0,0.14285714285714285,0.25,7,1.0,0.14285714285714285,0.25,7,1.0,0.14285714285714285,0.25,7,1.0,0.14285714285714285,0.25,7,1.0,0.14285714285714285,0.25,0.0,0.14285714285714285,0.3333333333333333,0.3333333333333333,1.11
full_rerank,145,in_corpus,1,5,1.0,0.2,0.33333333333333337,7,1.0,0.14285714285714285,0.25,7,1.0,0.14285714285714285,0.25,7,1.0,0.14285714285714285,0.25,7,1.0,0.14285714285714285,0.25,7,1.0,0.14285714285714285,0.25,0.0,0.3333333333333333,0.5,0.5,0.557
full_rerank,146,in_corpus,1,5,0.0,0.0,0.0,10,0.0,0.0,0.0,11,0.0,0.0,0.0,11,0.0,0.0,0.0,11,0.0,0.0,0.0,11,0.0,0.0,0.0,0.0,0.0,0.0,0.0,1.009
full_rerank,147,in_corpus,1,5,0.0,0.0,0.0,10,1.0,0.1,0.18181818181818182,12,1.0,0.08333333333333333,0.15384615384615385,12,1.0,0.08333333333333333,0.15384615384615385,12,1.0,0.08333333333333333,0.15384615384615385,12,1.0,0.08333333333333333,0.15384615384615385,0.0,0.1111111111111111,0.3010299956639812,0.3010299956639812,1.089
full_rerank,148,in_corpus,1,5,0.0,0.0,0.0,10,0.0,0.0,0.0,12,0.0,0.0,0.0,12,0.0,0.0,0.0,12,0.0,0.0,0.0,12,0.0,0.0,0.0,0.0,0.0,0.0,0.0,0.983
full_rerank,149,in_corpus,1,5,0.0,0.0,0.0,7,0.0,0.0,0.0,7,0.0,0.0,0.0,7,0.0,0.0,0.0,7,0.0,0.0,0.0,7,0.0,0.0,0.0,0.0,0.0,0.0,0.0,1.081
full_rerank,15,unparseable,2,5,0.0,0.0,0.0,9,0.0,0.0,0.0,9,0.0,0.0,0.0,9,0.0,0.0,0.0,9,0.0,0.0,0.0,9,0.0,0.0,0.0,0.0,0.0,0.0,0.0,1.007
full_rerank,150,in_corpus,3,5,0.0,0.0,0.0,10,0.0,0.0,0.0,10,0.0,0.0,0.0,10,0.0,0.0,0.0,10,0.0,0.0,0.0,10,0.0,0.0,0.0,0.0,0.0,0.0,0.0,1.078
full_rerank,151,in_corpus,1,5,0.0,0.0,0.0,9,0.0,0.0,0.0,9,0.0,0.0,0.0,9,0.0,0.0,0.0,9,0.0,0.0,0.0,9,0.0,0.0,0.0,0.0,0.0,0.0,0.0,1.115
full_rerank,152,in_corpus,1,5,1.0,0.2,0.33333333333333337,8,1.0,0.125,0.2222222222222222,8,1.0,0.125,0.2222222222222222,8,1.0,0.125,0.2222222222222222,8,1.0,0.125,0.2222222222222222,8,1.0,0.125,0.2222222222222222,0.0,0.3333333333333333,0.5,0.5,1.515
full_rerank,153,in_corpus,1,5,1.0,0.2,0.33333333333333337,10,1.0,0.1,0.18181818181818182,11,1.0,0.09090909090909091,0.16666666666666669,11,1.0,0.09090909090909091,0.16666666666666669,11,1.0,0.09090909090909091,0.16666666666666669,11,1.0,0.09090909090909091,0.16666666666666669,0.0,0.25,0.43067655807339306,0.43067655807339306,1.177
full_rerank,154,in_corpus,1,5,1.0,0.2,0.33333333333333337,8,1.0,0.125,0.2222222222222222,8,1.0,0.125,0.2222222222222222,8,1.0,0.125,0.2222222222222222,8,1.0,0.125,0.2222222222222222,8,1.0,0.125,0.2222222222222222,1.0,1.0,1.0,1.0,1.105
full_rerank,155,in_corpus,2,5,0.5,0.2,0.28571428571428575,10,0.5,0.1,0.16666666666666669,10,0.5,0.1,0.16666666666666669,10,0.5,0.1,0.16666666666666669,10,0.5,0.1,0.16666666666666669,10,0.5,0.1,0.16666666666666669,0.5,0.5,0.38685280723454163,0.38685280723454163,0.996
full_rerank,156,in_corpus,1,5,0.0,0.0,0.0,10,0.0,0.0,0.0,10,0.0,0.0,0.0,10,0.0,0.0,0.0,10,0.0,0.0,0.0,10,0.0,0.0,0.0,0.0,0.0,0.0,0.0,1.471
full_rerank,157,in_corpus,1,5,1.0,0.2,0.33333333333333337,8,1.0,0.125,0.2222222222222222,8,1.0,0.125,0.2222222222222222,8,1.0,0.125,0.2222222222222222,8,1.0,0.125,0.2222222222222222,8,1.0,0.125,0.2222222222222222,0.0,0.5,0.6309297535714575,0.6309297535714575,0.94
full_rerank,158,in_corpus,1,5,1.0,0.2,0.33333333333333337,10,1.0,0.1,0.18181818181818182,11,1.0,0.09090909090909091,0.16666666666666669,11,1.0,0.09090909090909091,0.16666666666666669,11,1.0,0.09090909090909091,0.16666666666666669,11,1.0,0.09090909090909091,0.16666666666666669,0.0,0.25,0.43067655807339306,0.43067655807339306,0.875
full_rerank,159,in_corpus,1,5,1.0,0.2,0.33333333333333337,9,1.0,0.1111111111111111,0.19999999999999998,9,1.0,0.1111111111111111,0.19999999999999998,9,1.0,0.1111111111111111,0.19999999999999998,9,1.0,0.1111111111111111,0.19999999999999998,9,1.0,0.1111111111111111,0.19999999999999998,0.0,0.5,0.6309297535714575,0.6309297535714575,0.725
full_rerank,16,in_corpus,3,5,0.0,0.0,0.0,9,0.3333333333333333,0.1111111111111111,0.16666666666666666,9,0.3333333333333333,0.1111111111111111,0.16666666666666666,9,0.3333333333333333,0.1111111111111111,0.16666666666666666,9,0.3333333333333333,0.1111111111111111,0.16666666666666666,9,0.3333333333333333,0.1111111111111111,0.16666666666666666,0.0,0.14285714285714285,0.15642624200758548,0.15642624200758548,1.113
full_rerank,160,in_corpus,1,5,0.0,0.0,0.0,9,0.0,0.0,0.0,9,0.0,0.0,0.0,9,0.0,0.0,0.0,9,0.0,0.0,0.0,9,0.0,0.0,0.0,0.0,0.0,0.0,0.0,1.189
full_rerank,161,in_corpus,1,5,0.0,0.0,0.0,10,0.0,0.0,0.0,11,0.0,0.0,0.0,11,0.0,0.0,0.0,11,0.0,0.0,0.0,11,0.0,0.0,0.0,0.0,0.0,0.0,0.0,1.228
full_rerank,162,in_corpus,1,5,0.0,0.0,0.0,9,1.0,0.1111111111111111,0.19999999999999998,9,1.0,0.1111111111111111,0.19999999999999998,9,1.0,0.1111111111111111,0.19999999999999998,9,1.0,0.1111111111111111,0.19999999999999998,9,1.0,0.1111111111111111,0.19999999999999998,0.0,0.1111111111111111,0.3010299956639812,0.3010299956639812,0.962
full_rerank,163,in_corpus,2,5,0.0,0.0,0.0,10,0.0,0.0,0.0,11,0.0,0.0,0.0,11,0.0,0.0,0.0,11,0.0,0.0,0.0,11,0.0,0.0,0.0,0.0,0.0,0.0,0.0,0.678
full_rerank,164,in_corpus,1,5,0.0,0.0,0.0,9,1.0,0.1111111111111111,0.19999999999999998,9,1.0,0.1111111111111111,0.19999999999999998,9,1.0,0.1111111111111111,0.19999999999999998,9,1.0,0.1111111111111111,0.19999999999999998,9,1.0,0.1111111111111111,0.19999999999999998,0.0,0.125,0.31546487678572877,0.31546487678572877,1.093
full_rerank,165,in_corpus,1,5,1.0,0.2,0.33333333333333337,7,1.0,0.14285714285714285,0.25,7,1.0,0.14285714285714285,0.25,7,1.0,0.14285714285714285,0.25,7,1.0,0.14285714285714285,0.25,7,1.0,0.14285714285714285,0.25,0.0,0.25,0.43067655807339306,0.43067655807339306,0.989
full_rerank,166,in_corpus,1,5,1.0,0.2,0.33333333333333337,7,1.0,0.14285714285714285,0.25,7,1.0,0.14285714285714285,0.25,7,1.0,0.14285714285714285,0.25,7,1.0,0.14285714285714285,0.25,7,1.0,0.14285714285714285,0.25,0.0,0.3333333333333333,0.5,0.5,0.899
full_rerank,167,in_corpus,1,5,1.0,0.2,0.33333333333333337,9,1.0,0.1111111111111111,0.19999999999999998,9,1.0,0.1111111111111111,0.19999999999999998,9,1.0,0.1111111111111111,0.19999999999999998,9,1.0,0.1111111111111111,0.19999999999999998,9,1.0,0.1111111111111111,0.19999999999999998,1.0,1.0,1.0,1.0,1.074
full_rerank,168,unparseable,4,5,0.0,0.0,0.0,8,0.0,0.0,0.0,8,0.0,0.0,0.0,8,0.0,0.0,0.0,8,0.0,0.0,0.0,8,0.0,0.0,0.0,0.0,0.0,0.0,0.0,1.29
full_rerank,169,in_corpus,7,5,0.14285714285714285,0.2,0.16666666666666666,10,0.2857142857142857,0.2,0.23529411764705882,10,0.2857142857142857,0.2,0.23529411764705882,10,0.2857142857142857,0.2,0.23529411764705882,10,0.2857142857142857,0.2,0.23529411764705882,10,0.2857142857142857,0.2,0.23529411764705882,0.14285714285714285,0.5,0.25288473642100684,0.25288473642100684,1.215
full_rerank,17,ooc,1,5,0.0,0.0,0.0,10,0.0,0.0,0.0,12,0.0,0.0,0.0,12,0.0,0.0,0.0,12,0.0,0.0,0.0,12,0.0,0.0,0.0,0.0,0.0,0.0,0.0,1.342
full_rerank,171,unparseable,4,5,0.0,0.0,0.0,10,0.0,0.0,0.0,11,0.0,0.0,0.0,11,0.0,0.0,0.0,11,0.0,0.0,0.0,11,0.0,0.0,0.0,0.0,0.0,0.0,0.0,1.059
full_rerank,172,unparseable,4,5,0.0,0.0,0.0,10,0.0,0.0,0.0,10,0.0,0.0,0.0,10,0.0,0.0,0.0,10,0.0,0.0,0.0,10,0.0,0.0,0.0,0.0,0.0,0.0,0.0,0.872
full_rerank,173,unparseable,4,5,0.0,0.0,0.0,10,0.0,0.0,0.0,10,0.0,0.0,0.0,10,0.0,0.0,0.0,10,0.0,0.0,0.0,10,0.0,0.0,0.0,0.0,0.0,0.0,0.0,1.258
full_rerank,174,in_corpus,6,5,0.3333333333333333,0.4,0.3636363636363636,7,0.3333333333333333,0.2857142857142857,0.30769230769230765,7,0.3333333333333333,0.2857142857142857,0.30769230769230765,7,0.3333333333333333,0.2857142857142857,0.30769230769230765,7,0.3333333333333333,0.2857142857142857,0.30769230769230765,7,0.3333333333333333,0.2857142857142857,0.30769230769230765,0.3333333333333333,1.0,0.4539036202482202,0.4539036202482202,1.193
full_rerank,175,in_corpus,1,5,0.0,0.0,0.0,10,0.0,0.0,0.0,10,0.0,0.0,0.0,10,0.0,0.0,0.0,10,0.0,0.0,0.0,10,0.0,0.0,0.0,0.0,0.0,0.0,0.0,0.849
full_rerank,176,in_corpus,3,5,0.0,0.0,0.0,10,0.0,0.0,0.0,11,0.0,0.0,0.0,11,0.0,0.0,0.0,11,0.0,0.0,0.0,11,0.0,0.0,0.0,0.0,0.0,0.0,0.0,1.253
full_rerank,177,in_corpus,1,5,0.0,0.0,0.0,10,0.0,0.0,0.0,11,0.0,0.0,0.0,11,0.0,0.0,0.0,11,0.0,0.0,0.0,11,0.0,0.0,0.0,0.0,0.0,0.0,0.0,0.743
full_rerank,178,in_corpus,1,5,0.0,0.0,0.0,9,0.0,0.0,0.0,9,0.0,0.0,0.0,9,0.0,0.0,0.0,9,0.0,0.0,0.0,9,0.0,0.0,0.0,0.0,0.0,0.0,0.0,1.051
full_rerank,179,unparseable,4,5,0.0,0.0,0.0,10,0.0,0.0,0.0,10,0.0,0.0,0.0,10,0.0,0.0,0.0,10,0.0,0.0,0.0,10,0.0,0.0,0.0,0.0,0.0,0.0,0.0,0.8
full_rerank,18,mixed,8,5,0.125,0.2,0.15384615384615385,10,0.25,0.2,0.22222222222222224,12,0.25,0.16666666666666666,0.2,12,0.25,0.16666666666666666,0.2,12,0.25,0.16666666666666666,0.2,12,0.25,0.16666666666666666,0.2,0.125,1.0,0.32605954121156705,0.32605954121156705,2.525
full_rerank,180,in_corpus,6,5,0.0,0.0,0.0,9,0.0,0.0,0.0,9,0.0,0.0,0.0,9,0.0,0.0,0.0,9,0.0,0.0,0.0,9,0.0,0.0,0.0,0.0,0.0,0.0,0.0,0.989
full_rerank,181,in_corpus,2,5,0.0,0.0,0.0,10,0.0,0.0,0.0,10,0.0,0.0,0.0,10,0.0,0.0,0.0,10,0.0,0.0,0.0,10,0.0,0.0,0.0,0.0,0.0,0.0,0.0,0.961
full_rerank,182,in_corpus,1,5,0.0,0.0,0.0,10,1.0,0.1,0.18181818181818182,10,1.0,0.1,0.18181818181818182,10,1.0,0.1,0.18181818181818182,10,1.0,0.1,0.18181818181818182,10,1.0,0.1,0.18181818181818182,0.0,0.16666666666666666,0.3562071871080222,0.3562071871080222,0.926
full_rerank,183,in_corpus,5,5,0.0,0.0,0.0,10,0.0,0.0,0.0,11,0.0,0.0,0.0,11,0.0,0.0,0.0,11,0.0,0.0,0.0,11,0.0,0.0,0.0,0.0,0.0,0.0,0.0,0.966
full_rerank,184,in_corpus,1,5,0.0,0.0,0.0,9,0.0,0.0,0.0,9,0.0,0.0,0.0,9,0.0,0.0,0.0,9,0.0,0.0,0.0,9,0.0,0.0,0.0,0.0,0.0,0.0,0.0,0.911
full_rerank,185,in_corpus,1,5,0.0,0.0,0.0,10,0.0,0.0,0.0,10,0.0,0.0,0.0,10,0.0,0.0,0.0,10,0.0,0.0,0.0,10,0.0,0.0,0.0,0.0,0.0,0.0,0.0,0.773
full_rerank,186,in_corpus,2,5,0.0,0.0,0.0,9,0.0,0.0,0.0,9,0.0,0.0,0.0,9,0.0,0.0,0.0,9,0.0,0.0,0.0,9,0.0,0.0,0.0,0.0,0.0,0.0,0.0,0.868
full_rerank,187,in_corpus,1,5,0.0,0.0,0.0,10,0.0,0.0,0.0,12,0.0,0.0,0.0,12,0.0,0.0,0.0,12,0.0,0.0,0.0,12,0.0,0.0,0.0,0.0,0.0,0.0,0.0,0.792
full_rerank,188,in_corpus,1,5,1.0,0.2,0.33333333333333337,8,1.0,0.125,0.2222222222222222,8,1.0,0.125,0.2222222222222222,8,1.0,0.125,0.2222222222222222,8,1.0,0.125,0.2222222222222222,8,1.0,0.125,0.2222222222222222,1.0,1.0,1.0,1.0,1.192
full_rerank,189,in_corpus,1,5,0.0,0.0,0.0,10,0.0,0.0,0.0,11,0.0,0.0,0.0,11,0.0,0.0,0.0,11,0.0,0.0,0.0,11,0.0,0.0,0.0,0.0,0.0,0.0,0.0,1.057
full_rerank,19,unparseable,1,5,0.0,0.0,0.0,10,0.0,0.0,0.0,11,0.0,0.0,0.0,11,0.0,0.0,0.0,11,0.0,0.0,0.0,11,0.0,0.0,0.0,0.0,0.0,0.0,0.0,1.097
full_rerank,190,in_corpus,1,5,0.0,0.0,0.0,9,0.0,0.0,0.0,9,0.0,0.0,0.0,9,0.0,0.0,0.0,9,0.0,0.0,0.0,9,0.0,0.0,0.0,0.0,0.0,0.0,0.0,1.197
full_rerank,191,in_corpus,1,5,1.0,0.2,0.33333333333333337,7,1.0,0.14285714285714285,0.25,7,1.0,0.14285714285714285,0.25,7,1.0,0.14285714285714285,0.25,7,1.0,0.14285714285714285,0.25,7,1.0,0.14285714285714285,0.25,0.0,0.3333333333333333,0.5,0.5,1.54
full_rerank,192,in_corpus,3,0,0.0,0.0,0.0,0,0.0,0.0,0.0,0,0.0,0.0,0.0,0,0.0,0.0,0.0,0,0.0,0.0,0.0,0,0.0,0.0,0.0,0.0,0.0,0.0,0.0,0.159
full_rerank,193,in_corpus,1,5,1.0,0.2,0.33333333333333337,10,1.0,0.1,0.18181818181818182,11,1.0,0.09090909090909091,0.16666666666666669,11,1.0,0.09090909090909091,0.16666666666666669,11,1.0,0.09090909090909091,0.16666666666666669,11,1.0,0.09090909090909091,0.16666666666666669,0.0,0.3333333333333333,0.5,0.5,0.977
full_rerank,194,unparseable,4,5,0.0,0.0,0.0,9,0.0,0.0,0.0,9,0.0,0.0,0.0,9,0.0,0.0,0.0,9,0.0,0.0,0.0,9,0.0,0.0,0.0,0.0,0.0,0.0,0.0,0.943
full_rerank,195,in_corpus,1,5,0.0,0.0,0.0,9,0.0,0.0,0.0,9,0.0,0.0,0.0,9,0.0,0.0,0.0,9,0.0,0.0,0.0,9,0.0,0.0,0.0,0.0,0.0,0.0,0.0,0.898
full_rerank,196,in_corpus,1,5,0.0,0.0,0.0,10,0.0,0.0,0.0,10,0.0,0.0,0.0,10,0.0,0.0,0.0,10,0.0,0.0,0.0,10,0.0,0.0,0.0,0.0,0.0,0.0,0.0,0.911
full_rerank,197,in_corpus,2,5,0.5,0.2,0.28571428571428575,9,0.5,0.1111111111111111,0.1818181818181818,9,0.5,0.1111111111111111,0.1818181818181818,9,0.5,0.1111111111111111,0.1818181818181818,9,0.5,0.1111111111111111,0.1818181818181818,9,0.5,0.1111111111111111,0.1818181818181818,0.0,0.3333333333333333,0.3065735963827292,0.3065735963827292,1.216
full_rerank,198,in_corpus,1,5,1.0,0.2,0.33333333333333337,8,1.0,0.125,0.2222222222222222,8,1.0,0.125,0.2222222222222222,8,1.0,0.125,0.2222222222222222,8,1.0,0.125,0.2222222222222222,8,1.0,0.125,0.2222222222222222,0.0,0.3333333333333333,0.5,0.5,0.991
full_rerank,199,in_corpus,2,5,0.5,0.2,0.28571428571428575,8,0.5,0.125,0.2,8,0.5,0.125,0.2,8,0.5,0.125,0.2,8,0.5,0.125,0.2,8,0.5,0.125,0.2,0.5,1.0,0.6131471927654584,0.6131471927654584,1.049
full_rerank,2,in_corpus,1,5,0.0,0.0,0.0,6,0.0,0.0,0.0,6,0.0,0.0,0.0,6,0.0,0.0,0.0,6,0.0,0.0,0.0,6,0.0,0.0,0.0,0.0,0.0,0.0,0.0,6.562
full_rerank,20,in_corpus,2,5,0.0,0.0,0.0,6,0.0,0.0,0.0,6,0.0,0.0,0.0,6,0.0,0.0,0.0,6,0.0,0.0,0.0,6,0.0,0.0,0.0,0.0,0.0,0.0,0.0,1.241
full_rerank,200,in_corpus,3,5,0.3333333333333333,0.2,0.25,9,0.3333333333333333,0.1111111111111111,0.16666666666666666,9,0.3333333333333333,0.1111111111111111,0.16666666666666666,9,0.3333333333333333,0.1111111111111111,0.16666666666666666,9,0.3333333333333333,0.1111111111111111,0.16666666666666666,9,0.3333333333333333,0.1111111111111111,0.16666666666666666,0.3333333333333333,1.0,0.46927872602275644,0.46927872602275644,1.218
full_rerank,201,unparseable,1,5,0.0,0.0,0.0,10,0.0,0.0,0.0,11,0.0,0.0,0.0,11,0.0,0.0,0.0,11,0.0,0.0,0.0,11,0.0,0.0,0.0,0.0,0.0,0.0,0.0,0.625
full_rerank,202,in_corpus,2,5,0.0,0.0,0.0,9,0.0,0.0,0.0,9,0.0,0.0,0.0,9,0.0,0.0,0.0,9,0.0,0.0,0.0,9,0.0,0.0,0.0,0.0,0.0,0.0,0.0,1.16
full_rerank,21,in_corpus,1,5,1.0,0.2,0.33333333333333337,9,1.0,0.1111111111111111,0.19999999999999998,9,1.0,0.1111111111111111,0.19999999999999998,9,1.0,0.1111111111111111,0.19999999999999998,9,1.0,0.1111111111111111,0.19999999999999998,9,1.0,0.1111111111111111,0.19999999999999998,0.0,0.2,0.38685280723454163,0.38685280723454163,0.888
full_rerank,22,in_corpus,2,5,0.0,0.0,0.0,8,0.5,0.125,0.2,8,0.5,0.125,0.2,8,0.5,0.125,0.2,8,0.5,0.125,0.2,8,0.5,0.125,0.2,0.0,0.125,0.19342640361727081,0.19342640361727081,1.057
full_rerank,23,in_corpus,1,5,0.0,0.0,0.0,6,0.0,0.0,0.0,6,0.0,0.0,0.0,6,0.0,0.0,0.0,6,0.0,0.0,0.0,6,0.0,0.0,0.0,0.0,0.0,0.0,0.0,1.165
full_rerank,24,ooc,2,0,0.0,0.0,0.0,0,0.0,0.0,0.0,0,0.0,0.0,0.0,0,0.0,0.0,0.0,0,0.0,0.0,0.0,0,0.0,0.0,0.0,0.0,0.0,0.0,0.0,0.127
full_rerank,25,in_corpus,1,5,1.0,0.2,0.33333333333333337,7,1.0,0.14285714285714285,0.25,7,1.0,0.14285714285714285,0.25,7,1.0,0.14285714285714285,0.25,7,1.0,0.14285714285714285,0.25,7,1.0,0.14285714285714285,0.25,0.0,0.5,0.6309297535714575,0.6309297535714575,0.976
full_rerank,26,ooc,1,5,0.0,0.0,0.0,9,0.0,0.0,0.0,9,0.0,0.0,0.0,9,0.0,0.0,0.0,9,0.0,0.0,0.0,9,0.0,0.0,0.0,0.0,0.0,0.0,0.0,0.922
full_rerank,27,in_corpus,1,5,1.0,0.2,0.33333333333333337,8,1.0,0.125,0.2222222222222222,8,1.0,0.125,0.2222222222222222,8,1.0,0.125,0.2222222222222222,8,1.0,0.125,0.2222222222222222,8,1.0,0.125,0.2222222222222222,0.0,0.5,0.6309297535714575,0.6309297535714575,1.37
full_rerank,28,in_corpus,1,5,0.0,0.0,0.0,9,1.0,0.1111111111111111,0.19999999999999998,9,1.0,0.1111111111111111,0.19999999999999998,9,1.0,0.1111111111111111,0.19999999999999998,9,1.0,0.1111111111111111,0.19999999999999998,9,1.0,0.1111111111111111,0.19999999999999998,0.0,0.1111111111111111,0.3010299956639812,0.3010299956639812,1.541
full_rerank,29,unparseable,2,5,0.0,0.0,0.0,10,0.5,0.1,0.16666666666666669,10,0.5,0.1,0.16666666666666669,10,0.5,0.1,0.16666666666666669,10,0.5,0.1,0.16666666666666669,10,0.5,0.1,0.16666666666666669,0.0,0.16666666666666666,0.21840743681816419,0.21840743681816419,1.681
full_rerank,3,in_corpus,2,5,0.0,0.0,0.0,10,0.5,0.1,0.16666666666666669,10,0.5,0.1,0.16666666666666669,10,0.5,0.1,0.16666666666666669,10,0.5,0.1,0.16666666666666669,10,0.5,0.1,0.16666666666666669,0.0,0.14285714285714285,0.20438239758848611,0.20438239758848611,0.893
full_rerank,30,in_corpus,1,5,0.0,0.0,0.0,10,0.0,0.0,0.0,10,0.0,0.0,0.0,10,0.0,0.0,0.0,10,0.0,0.0,0.0,10,0.0,0.0,0.0,0.0,0.0,0.0,0.0,1.93
full_rerank,31,in_corpus,1,5,1.0,0.2,0.33333333333333337,10,1.0,0.1,0.18181818181818182,10,1.0,0.1,0.18181818181818182,10,1.0,0.1,0.18181818181818182,10,1.0,0.1,0.18181818181818182,10,1.0,0.1,0.18181818181818182,1.0,1.0,1.0,1.0,1.611
full_rerank,32,unparseable,1,5,0.0,0.0,0.0,10,0.0,0.0,0.0,10,0.0,0.0,0.0,10,0.0,0.0,0.0,10,0.0,0.0,0.0,10,0.0,0.0,0.0,0.0,0.0,0.0,0.0,1.773
full_rerank,33,ooc,1,5,0.0,0.0,0.0,10,0.0,0.0,0.0,10,0.0,0.0,0.0,10,0.0,0.0,0.0,10,0.0,0.0,0.0,10,0.0,0.0,0.0,0.0,0.0,0.0,0.0,1.856
full_rerank,34,ooc,1,5,0.0,0.0,0.0,8,0.0,0.0,0.0,8,0.0,0.0,0.0,8,0.0,0.0,0.0,8,0.0,0.0,0.0,8,0.0,0.0,0.0,0.0,0.0,0.0,0.0,1.576
full_rerank,35,in_corpus,1,5,1.0,0.2,0.33333333333333337,7,1.0,0.14285714285714285,0.25,7,1.0,0.14285714285714285,0.25,7,1.0,0.14285714285714285,0.25,7,1.0,0.14285714285714285,0.25,7,1.0,0.14285714285714285,0.25,0.0,0.5,0.6309297535714575,0.6309297535714575,0.692
full_rerank,36,in_corpus,1,5,1.0,0.2,0.33333333333333337,9,1.0,0.1111111111111111,0.19999999999999998,9,1.0,0.1111111111111111,0.19999999999999998,9,1.0,0.1111111111111111,0.19999999999999998,9,1.0,0.1111111111111111,0.19999999999999998,9,1.0,0.1111111111111111,0.19999999999999998,1.0,1.0,1.0,1.0,1.756
full_rerank,37,in_corpus,2,5,0.5,0.2,0.28571428571428575,10,0.5,0.1,0.16666666666666669,11,0.5,0.09090909090909091,0.15384615384615385,11,0.5,0.09090909090909091,0.15384615384615385,11,0.5,0.09090909090909091,0.15384615384615385,11,0.5,0.09090909090909091,0.15384615384615385,0.0,0.25,0.2640681225725909,0.2640681225725909,1.041
full_rerank,38,in_corpus,1,5,0.0,0.0,0.0,9,1.0,0.1111111111111111,0.19999999999999998,9,1.0,0.1111111111111111,0.19999999999999998,9,1.0,0.1111111111111111,0.19999999999999998,9,1.0,0.1111111111111111,0.19999999999999998,9,1.0,0.1111111111111111,0.19999999999999998,0.0,0.1111111111111111,0.3010299956639812,0.3010299956639812,0.938
full_rerank,39,in_corpus,3,5,0.0,0.0,0.0,10,0.0,0.0,0.0,12,0.0,0.0,0.0,12,0.0,0.0,0.0,12,0.0,0.0,0.0,12,0.0,0.0,0.0,0.0,0.0,0.0,0.0,1.132
full_rerank,4,in_corpus,2,5,0.0,0.0,0.0,8,0.0,0.0,0.0,8,0.0,0.0,0.0,8,0.0,0.0,0.0,8,0.0,0.0,0.0,8,0.0,0.0,0.0,0.0,0.0,0.0,0.0,0.908
full_rerank,40,in_corpus,2,5,0.5,0.2,0.28571428571428575,10,1.0,0.2,0.33333333333333337,11,1.0,0.18181818181818182,0.3076923076923077,11,1.0,0.18181818181818182,0.3076923076923077,11,1.0,0.18181818181818182,0.3076923076923077,11,1.0,0.18181818181818182,0.3076923076923077,0.5,0.5,0.5714285040141098,0.5714285040141098,1.905
full_rerank,41,unparseable,3,5,0.0,0.0,0.0,10,0.0,0.0,0.0,10,0.0,0.0,0.0,10,0.0,0.0,0.0,10,0.0,0.0,0.0,10,0.0,0.0,0.0,0.0,0.0,0.0,0.0,1.224
full_rerank,42,mixed,2,5,0.0,0.0,0.0,10,0.0,0.0,0.0,11,0.0,0.0,0.0,11,0.0,0.0,0.0,11,0.0,0.0,0.0,11,0.0,0.0,0.0,0.0,0.0,0.0,0.0,1.078
full_rerank,43,in_corpus,4,5,0.25,0.2,0.22222222222222224,10,0.5,0.2,0.28571428571428575,11,0.5,0.18181818181818182,0.26666666666666666,11,0.5,0.18181818181818182,0.26666666666666666,11,0.5,0.18181818181818182,0.26666666666666666,11,0.5,0.18181818181818182,0.26666666666666666,0.25,0.5,0.35914753008966527,0.35914753008966527,1.756
full_rerank,44,in_corpus,3,5,0.3333333333333333,0.2,0.25,9,0.6666666666666666,0.2222222222222222,0.3333333333333333,9,0.6666666666666666,0.2222222222222222,0.3333333333333333,9,0.6666666666666666,0.2222222222222222,0.3333333333333333,9,0.6666666666666666,0.2222222222222222,0.3333333333333333,9,0.6666666666666666,0.2222222222222222,0.3333333333333333,0.3333333333333333,0.3333333333333333,0.39106560501896365,0.39106560501896365,1.782
full_rerank,45,in_corpus,3,5,0.0,0.0,0.0,10,0.0,0.0,0.0,12,0.0,0.0,0.0,12,0.0,0.0,0.0,12,0.0,0.0,0.0,12,0.0,0.0,0.0,0.0,0.0,0.0,0.0,2.004
full_rerank,46,in_corpus,1,5,0.0,0.0,0.0,10,0.0,0.0,0.0,10,0.0,0.0,0.0,10,0.0,0.0,0.0,10,0.0,0.0,0.0,10,0.0,0.0,0.0,0.0,0.0,0.0,0.0,1.603
full_rerank,47,in_corpus,3,5,0.3333333333333333,0.2,0.25,8,0.3333333333333333,0.125,0.18181818181818182,8,0.3333333333333333,0.125,0.18181818181818182,8,0.3333333333333333,0.125,0.18181818181818182,8,0.3333333333333333,0.125,0.18181818181818182,8,0.3333333333333333,0.125,0.18181818181818182,0.0,0.2,0.18154179253735267,0.18154179253735267,1.666
full_rerank,48,unparseable,1,0,0.0,0.0,0.0,0,0.0,0.0,0.0,0,0.0,0.0,0.0,0,0.0,0.0,0.0,0,0.0,0.0,0.0,0,0.0,0.0,0.0,0.0,0.0,0.0,0.0,0.28
full_rerank,49,in_corpus,3,5,0.0,0.0,0.0,10,0.0,0.0,0.0,10,0.0,0.0,0.0,10,0.0,0.0,0.0,10,0.0,0.0,0.0,10,0.0,0.0,0.0,0.0,0.0,0.0,0.0,1.545
full_rerank,5,unparseable,3,5,0.0,0.0,0.0,9,0.0,0.0,0.0,9,0.0,0.0,0.0,9,0.0,0.0,0.0,9,0.0,0.0,0.0,9,0.0,0.0,0.0,0.0,0.0,0.0,0.0,0.924
full_rerank,50,unparseable,1,0,0.0,0.0,0.0,0,0.0,0.0,0.0,0,0.0,0.0,0.0,0,0.0,0.0,0.0,0,0.0,0.0,0.0,0,0.0,0.0,0.0,0.0,0.0,0.0,0.0,0.281
full_rerank,51,in_corpus,3,5,0.0,0.0,0.0,9,0.6666666666666666,0.2222222222222222,0.3333333333333333,9,0.6666666666666666,0.2222222222222222,0.3333333333333333,9,0.6666666666666666,0.2222222222222222,0.3333333333333333,9,0.6666666666666666,0.2222222222222222,0.3333333333333333,9,0.6666666666666666,0.2222222222222222,0.3333333333333333,0.0,0.125,0.2893079283427616,0.2893079283427616,1.183
full_rerank,52,in_corpus,2,5,0.0,0.0,0.0,10,0.0,0.0,0.0,12,0.0,0.0,0.0,12,0.0,0.0,0.0,12,0.0,0.0,0.0,12,0.0,0.0,0.0,0.0,0.0,0.0,0.0,1.591
full_rerank,53,in_corpus,2,5,0.5,0.2,0.28571428571428575,10,1.0,0.2,0.33333333333333337,12,1.0,0.16666666666666666,0.2857142857142857,12,1.0,0.16666666666666666,0.2857142857142857,12,1.0,0.16666666666666666,0.2857142857142857,12,1.0,0.16666666666666666,0.2857142857142857,0.5,1.0,0.7977228895450266,0.7977228895450266,1.36
full_rerank,54,in_corpus,1,0,0.0,0.0,0.0,0,0.0,0.0,0.0,0,0.0,0.0,0.0,0,0.0,0.0,0.0,0,0.0,0.0,0.0,0,0.0,0.0,0.0,0.0,0.0,0.0,0.0,0.06
full_rerank,55,in_corpus,4,5,0.0,0.0,0.0,6,0.0,0.0,0.0,6,0.0,0.0,0.0,6,0.0,0.0,0.0,6,0.0,0.0,0.0,6,0.0,0.0,0.0,0.0,0.0,0.0,0.0,0.453
full_rerank,56,in_corpus,2,5,0.0,0.0,0.0,9,0.0,0.0,0.0,9,0.0,0.0,0.0,9,0.0,0.0,0.0,9,0.0,0.0,0.0,9,0.0,0.0,0.0,0.0,0.0,0.0,0.0,1.197
full_rerank,57,unparseable,2,5,0.0,0.0,0.0,10,0.0,0.0,0.0,10,0.0,0.0,0.0,10,0.0,0.0,0.0,10,0.0,0.0,0.0,10,0.0,0.0,0.0,0.0,0.0,0.0,0.0,0.949
full_rerank,58,in_corpus,3,5,0.0,0.0,0.0,10,0.3333333333333333,0.1,0.15384615384615383,11,0.3333333333333333,0.09090909090909091,0.14285714285714288,11,0.3333333333333333,0.09090909090909091,0.14285714285714288,11,0.3333333333333333,0.09090909090909091,0.14285714285714288,11,0.3333333333333333,0.09090909090909091,0.14285714285714288,0.0,0.16666666666666666,0.16716045496620227,0.16716045496620227,1.967
full_rerank,59,in_corpus,1,5,1.0,0.2,0.33333333333333337,9,1.0,0.1111111111111111,0.19999999999999998,9,1.0,0.1111111111111111,0.19999999999999998,9,1.0,0.1111111111111111,0.19999999999999998,9,1.0,0.1111111111111111,0.19999999999999998,9,1.0,0.1111111111111111,0.19999999999999998,1.0,1.0,1.0,1.0,1.144
full_rerank,6,ooc,1,5,0.0,0.0,0.0,10,0.0,0.0,0.0,12,0.0,0.0,0.0,12,0.0,0.0,0.0,12,0.0,0.0,0.0,12,0.0,0.0,0.0,0.0,0.0,0.0,0.0,3.817
full_rerank,60,in_corpus,1,5,0.0,0.0,0.0,8,0.0,0.0,0.0,8,0.0,0.0,0.0,8,0.0,0.0,0.0,8,0.0,0.0,0.0,8,0.0,0.0,0.0,0.0,0.0,0.0,0.0,1.13
full_rerank,61,unparseable,2,5,0.0,0.0,0.0,10,0.0,0.0,0.0,10,0.0,0.0,0.0,10,0.0,0.0,0.0,10,0.0,0.0,0.0,10,0.0,0.0,0.0,0.0,0.0,0.0,0.0,1.303
full_rerank,62,in_corpus,2,5,0.0,0.0,0.0,10,0.5,0.1,0.16666666666666669,10,0.5,0.1,0.16666666666666669,10,0.5,0.1,0.16666666666666669,10,0.5,0.1,0.16666666666666669,10,0.5,0.1,0.16666666666666669,0.0,0.1,0.17723928678404774,0.17723928678404774,1.208
full_rerank,63,unparseable,2,5,0.0,0.0,0.0,10,0.0,0.0,0.0,11,0.0,0.0,0.0,11,0.0,0.0,0.0,11,0.0,0.0,0.0,11,0.0,0.0,0.0,0.0,0.0,0.0,0.0,1.518
full_rerank,64,in_corpus,2,5,0.0,0.0,0.0,10,0.0,0.0,0.0,10,0.0,0.0,0.0,10,0.0,0.0,0.0,10,0.0,0.0,0.0,10,0.0,0.0,0.0,0.0,0.0,0.0,0.0,0.87
full_rerank,65,in_corpus,1,5,1.0,0.2,0.33333333333333337,10,1.0,0.1,0.18181818181818182,10,1.0,0.1,0.18181818181818182,10,1.0,0.1,0.18181818181818182,10,1.0,0.1,0.18181818181818182,10,1.0,0.1,0.18181818181818182,0.0,0.3333333333333333,0.5,0.5,1.018
full_rerank,66,in_corpus,2,5,0.0,0.0,0.0,9,0.0,0.0,0.0,9,0.0,0.0,0.0,9,0.0,0.0,0.0,9,0.0,0.0,0.0,9,0.0,0.0,0.0,0.0,0.0,0.0,0.0,1.54
full_rerank,67,in_corpus,1,5,1.0,0.2,0.33333333333333337,9,1.0,0.1111111111111111,0.19999999999999998,9,1.0,0.1111111111111111,0.19999999999999998,9,1.0,0.1111111111111111,0.19999999999999998,9,1.0,0.1111111111111111,0.19999999999999998,9,1.0,0.1111111111111111,0.19999999999999998,1.0,1.0,1.0,1.0,1.382
full_rerank,68,in_corpus,3,5,0.0,0.0,0.0,10,0.3333333333333333,0.1,0.15384615384615383,12,0.3333333333333333,0.08333333333333333,0.13333333333333333,12,0.3333333333333333,0.08333333333333333,0.13333333333333333,12,0.3333333333333333,0.08333333333333333,0.13333333333333333,12,0.3333333333333333,0.08333333333333333,0.13333333333333333,0.0,0.125,0.1480409554829326,0.1480409554829326,1.799
full_rerank,69,in_corpus,1,5,1.0,0.2,0.33333333333333337,8,1.0,0.125,0.2222222222222222,8,1.0,0.125,0.2222222222222222,8,1.0,0.125,0.2222222222222222,8,1.0,0.125,0.2222222222222222,8,1.0,0.125,0.2222222222222222,0.0,0.5,0.6309297535714575,0.6309297535714575,1.489
full_rerank,7,in_corpus,1,5,1.0,0.2,0.33333333333333337,7,1.0,0.14285714285714285,0.25,7,1.0,0.14285714285714285,0.25,7,1.0,0.14285714285714285,0.25,7,1.0,0.14285714285714285,0.25,7,1.0,0.14285714285714285,0.25,1.0,1.0,1.0,1.0,0.656
full_rerank,70,in_corpus,3,5,0.3333333333333333,0.2,0.25,5,0.3333333333333333,0.2,0.25,5,0.3333333333333333,0.2,0.25,5,0.3333333333333333,0.2,0.25,5,0.3333333333333333,0.2,0.25,5,0.3333333333333333,0.2,0.25,0.3333333333333333,0.3333333333333333,0.23463936301137822,0.23463936301137822,1.405
full_rerank,71,in_corpus,3,5,0.0,0.0,0.0,10,0.0,0.0,0.0,11,0.0,0.0,0.0,11,0.0,0.0,0.0,11,0.0,0.0,0.0,11,0.0,0.0,0.0,0.0,0.0,0.0,0.0,1.682
full_rerank,72,in_corpus,2,5,1.0,0.4,0.5714285714285715,6,1.0,0.3333333333333333,0.5,6,1.0,0.3333333333333333,0.5,6,1.0,0.3333333333333333,0.5,6,1.0,0.3333333333333333,0.5,6,1.0,0.3333333333333333,0.5,0.5,1.0,0.8772153153380493,0.8772153153380493,1.066
full_rerank,73,in_corpus,2,5,0.0,0.0,0.0,9,0.0,0.0,0.0,9,0.0,0.0,0.0,9,0.0,0.0,0.0,9,0.0,0.0,0.0,9,0.0,0.0,0.0,0.0,0.0,0.0,0.0,1.897
full_rerank,74,in_corpus,2,5,0.5,0.2,0.28571428571428575,7,0.5,0.14285714285714285,0.22222222222222224,7,0.5,0.14285714285714285,0.22222222222222224,7,0.5,0.14285714285714285,0.22222222222222224,7,0.5,0.14285714285714285,0.22222222222222224,7,0.5,0.14285714285714285,0.22222222222222224,0.0,0.3333333333333333,0.3065735963827292,0.3065735963827292,1.342
full_rerank,75,unparseable,2,5,0.0,0.0,0.0,10,0.0,0.0,0.0,11,0.0,0.0,0.0,11,0.0,0.0,0.0,11,0.0,0.0,0.0,11,0.0,0.0,0.0,0.0,0.0,0.0,0.0,1.415
full_rerank,76,in_corpus,4,5,0.25,0.2,0.22222222222222224,10,0.5,0.2,0.28571428571428575,11,0.5,0.18181818181818182,0.26666666666666666,11,0.5,0.18181818181818182,0.26666666666666666,11,0.5,0.18181818181818182,0.26666666666666666,11,0.5,0.18181818181818182,0.26666666666666666,0.25,0.5,0.3853585682515056,0.3853585682515056,1.448
full_rerank,77,in_corpus,2,5,0.5,0.2,0.28571428571428575,8,0.5,0.125,0.2,8,0.5,0.125,0.2,8,0.5,0.125,0.2,8,0.5,0.125,0.2,8,0.5,0.125,0.2,0.0,0.25,0.2640681225725909,0.2640681225725909,0.86
full_rerank,78,unparseable,1,5,1.0,0.2,0.33333333333333337,7,1.0,0.14285714285714285,0.25,7,1.0,0.14285714285714285,0.25,7,1.0,0.14285714285714285,0.25,7,1.0,0.14285714285714285,0.25,7,1.0,0.14285714285714285,0.25,0.0,0.5,0.6309297535714575,0.6309297535714575,1.328
full_rerank,79,in_corpus,1,5,0.0,0.0,0.0,10,0.0,0.0,0.0,10,0.0,0.0,0.0,10,0.0,0.0,0.0,10,0.0,0.0,0.0,10,0.0,0.0,0.0,0.0,0.0,0.0,0.0,2.446
full_rerank,8,unparseable,2,5,0.0,0.0,0.0,10,0.0,0.0,0.0,11,0.0,0.0,0.0,11,0.0,0.0,0.0,11,0.0,0.0,0.0,11,0.0,0.0,0.0,0.0,0.0,0.0,0.0,0.783
full_rerank,80,in_corpus,1,5,0.0,0.0,0.0,10,0.0,0.0,0.0,11,0.0,0.0,0.0,11,0.0,0.0,0.0,11,0.0,0.0,0.0,11,0.0,0.0,0.0,0.0,0.0,0.0,0.0,1.382
full_rerank,81,in_corpus,4,5,0.0,0.0,0.0,10,0.0,0.0,0.0,12,0.25,0.08333333333333333,0.125,12,0.25,0.08333333333333333,0.125,12,0.25,0.08333333333333333,0.125,12,0.25,0.08333333333333333,0.125,0.0,0.09090909090909091,0.0,0.10889376106823218,2.166
full_rerank,82,in_corpus,2,5,0.0,0.0,0.0,10,0.0,0.0,0.0,11,0.0,0.0,0.0,11,0.0,0.0,0.0,11,0.0,0.0,0.0,11,0.0,0.0,0.0,0.0,0.0,0.0,0.0,1.652
full_rerank,83,in_corpus,1,5,0.0,0.0,0.0,10,0.0,0.0,0.0,10,0.0,0.0,0.0,10,0.0,0.0,0.0,10,0.0,0.0,0.0,10,0.0,0.0,0.0,0.0,0.0,0.0,0.0,0.496
full_rerank,84,in_corpus,1,5,0.0,0.0,0.0,9,0.0,0.0,0.0,9,0.0,0.0,0.0,9,0.0,0.0,0.0,9,0.0,0.0,0.0,9,0.0,0.0,0.0,0.0,0.0,0.0,0.0,0.99
full_rerank,85,unparseable,3,5,0.0,0.0,0.0,9,0.0,0.0,0.0,9,0.0,0.0,0.0,9,0.0,0.0,0.0,9,0.0,0.0,0.0,9,0.0,0.0,0.0,0.0,0.0,0.0,0.0,1.293
full_rerank,86,in_corpus,3,5,0.3333333333333333,0.2,0.25,10,0.3333333333333333,0.1,0.15384615384615383,11,0.3333333333333333,0.09090909090909091,0.14285714285714288,11,0.3333333333333333,0.09090909090909091,0.14285714285714288,11,0.3333333333333333,0.09090909090909091,0.14285714285714288,11,0.3333333333333333,0.09090909090909091,0.14285714285714288,0.0,0.25,0.20210734650054757,0.20210734650054757,0.942
full_rerank,87,in_corpus,1,5,1.0,0.2,0.33333333333333337,9,1.0,0.1111111111111111,0.19999999999999998,9,1.0,0.1111111111111111,0.19999999999999998,9,1.0,0.1111111111111111,0.19999999999999998,9,1.0,0.1111111111111111,0.19999999999999998,9,1.0,0.1111111111111111,0.19999999999999998,0.0,0.5,0.6309297535714575,0.6309297535714575,1.005
full_rerank,88,in_corpus,3,5,0.3333333333333333,0.2,0.25,10,0.3333333333333333,0.1,0.15384615384615383,10,0.3333333333333333,0.1,0.15384615384615383,10,0.3333333333333333,0.1,0.15384615384615383,10,0.3333333333333333,0.1,0.15384615384615383,10,0.3333333333333333,0.1,0.15384615384615383,0.0,0.2,0.18154179253735267,0.18154179253735267,0.957
full_rerank,89,in_corpus,2,5,0.0,0.0,0.0,10,0.5,0.1,0.16666666666666669,11,0.5,0.09090909090909091,0.15384615384615385,11,0.5,0.09090909090909091,0.15384615384615385,11,0.5,0.09090909090909091,0.15384615384615385,11,0.5,0.09090909090909091,0.15384615384615385,0.0,0.14285714285714285,0.20438239758848611,0.20438239758848611,0.607
full_rerank,9,in_corpus,4,5,0.5,0.4,0.4444444444444445,10,0.75,0.3,0.4285714285714285,10,0.75,0.3,0.4285714285714285,10,0.75,0.3,0.4285714285714285,10,0.75,0.3,0.4285714285714285,10,0.75,0.3,0.4285714285714285,0.5,1.0,0.6975637657739948,0.6975637657739948,0.719
full_rerank,90,in_corpus,3,5,0.3333333333333333,0.2,0.25,8,0.3333333333333333,0.125,0.18181818181818182,8,0.3333333333333333,0.125,0.18181818181818182,8,0.3333333333333333,0.125,0.18181818181818182,8,0.3333333333333333,0.125,0.18181818181818182,8,0.3333333333333333,0.125,0.18181818181818182,0.3333333333333333,1.0,0.46927872602275644,0.46927872602275644,0.536
full_rerank,91,in_corpus,2,5,0.0,0.0,0.0,8,0.0,0.0,0.0,8,0.0,0.0,0.0,8,0.0,0.0,0.0,8,0.0,0.0,0.0,8,0.0,0.0,0.0,0.0,0.0,0.0,0.0,0.664
full_rerank,92,in_corpus,3,0,0.0,0.0,0.0,0,0.0,0.0,0.0,0,0.0,0.0,0.0,0,0.0,0.0,0.0,0,0.0,0.0,0.0,0,0.0,0.0,0.0,0.0,0.0,0.0,0.0,0.033
full_rerank,93,in_corpus,2,5,0.5,0.2,0.28571428571428575,7,0.5,0.14285714285714285,0.22222222222222224,7,0.5,0.14285714285714285,0.22222222222222224,7,0.5,0.14285714285714285,0.22222222222222224,7,0.5,0.14285714285714285,0.22222222222222224,7,0.5,0.14285714285714285,0.22222222222222224,0.5,1.0,0.6131471927654584,0.6131471927654584,0.786
full_rerank,94,mixed,2,5,0.0,0.0,0.0,10,0.0,0.0,0.0,11,0.0,0.0,0.0,11,0.0,0.0,0.0,11,0.0,0.0,0.0,11,0.0,0.0,0.0,0.0,0.0,0.0,0.0,1.05
full_rerank,95,in_corpus,3,5,0.6666666666666666,0.4,0.5,7,1.0,0.42857142857142855,0.6,7,1.0,0.42857142857142855,0.6,7,1.0,0.42857142857142855,0.6,7,1.0,0.42857142857142855,0.6,7,1.0,0.42857142857142855,0.6,0.6666666666666666,1.0,0.9217868789962071,0.9217868789962071,0.712
full_rerank,97,in_corpus,2,5,0.0,0.0,0.0,10,0.0,0.0,0.0,11,0.0,0.0,0.0,11,0.0,0.0,0.0,11,0.0,0.0,0.0,11,0.0,0.0,0.0,0.0,0.0,0.0,0.0,1.492
full_rerank,98,unparseable,2,5,0.0,0.0,0.0,10,0.0,0.0,0.0,10,0.0,0.0,0.0,10,0.0,0.0,0.0,10,0.0,0.0,0.0,10,0.0,0.0,0.0,0.0,0.0,0.0,0.0,1.036
full_rerank,99,in_corpus,2,5,1.0,0.4,0.5714285714285715,8,1.0,0.25,0.4,8,1.0,0.25,0.4,8,1.0,0.25,0.4,8,1.0,0.25,0.4,8,1.0,0.25,0.4,0.5,1.0,0.8503449055347546,0.8503449055347546,1.263
