arm,stt,category,n_gold,n_retrieved@12,recall@12,precision@12,f1@12,ndcg@12,n_retrieved@20,recall@20,precision@20,f1@20,ndcg@20,n_retrieved@30,recall@30,precision@30,f1@30,ndcg@30,n_retrieved@50,recall@50,precision@50,f1@50,ndcg@50,n_retrieved@70,recall@70,precision@70,f1@70,ndcg@70,n_retrieved@100,recall@100,precision@100,f1@100,ndcg@100,n_retrieved@all,recall@all,precision@all,f1@all,ndcg@all,r_precision,mrr,elapsed_s
dense,1,ooc,2,12,0.0,0.0,0.0,0.0,20,0.0,0.0,0.0,0.0,30,0.0,0.0,0.0,0.0,38,0.0,0.0,0.0,0.0,38,0.0,0.0,0.0,0.0,38,0.0,0.0,0.0,0.0,38,0.0,0.0,0.0,0.0,0.0,0.0,1.741
dense,102,in_corpus,1,12,0.0,0.0,0.0,0.0,20,1.0,0.05,0.09523809523809523,0.23981246656813146,30,1.0,0.03333333333333333,0.06451612903225806,0.23981246656813146,50,1.0,0.02,0.0392156862745098,0.23981246656813146,64,1.0,0.015625,0.03076923076923077,0.23981246656813146,64,1.0,0.015625,0.03076923076923077,0.23981246656813146,64,1.0,0.015625,0.03076923076923077,0.23981246656813146,0.0,0.058823529411764705,0.031
dense,104,in_corpus,1,12,1.0,0.08333333333333333,0.15384615384615385,0.5,20,1.0,0.05,0.09523809523809523,0.5,30,1.0,0.03333333333333333,0.06451612903225806,0.5,50,1.0,0.02,0.0392156862745098,0.5,51,1.0,0.0196078431372549,0.038461538461538464,0.5,51,1.0,0.0196078431372549,0.038461538461538464,0.5,51,1.0,0.0196078431372549,0.038461538461538464,0.5,0.0,0.3333333333333333,0.063
dense,112,in_corpus,1,12,0.0,0.0,0.0,0.0,20,0.0,0.0,0.0,0.0,30,0.0,0.0,0.0,0.0,50,0.0,0.0,0.0,0.0,63,0.0,0.0,0.0,0.0,63,0.0,0.0,0.0,0.0,63,0.0,0.0,0.0,0.0,0.0,0.0,0.032
dense,114,in_corpus,1,12,1.0,0.08333333333333333,0.15384615384615385,0.3333333333333333,20,1.0,0.05,0.09523809523809523,0.3333333333333333,30,1.0,0.03333333333333333,0.06451612903225806,0.3333333333333333,50,1.0,0.02,0.0392156862745098,0.3333333333333333,51,1.0,0.0196078431372549,0.038461538461538464,0.3333333333333333,51,1.0,0.0196078431372549,0.038461538461538464,0.3333333333333333,51,1.0,0.0196078431372549,0.038461538461538464,0.3333333333333333,0.0,0.14285714285714285,0.024
dense,115,in_corpus,1,12,0.0,0.0,0.0,0.0,20,0.0,0.0,0.0,0.0,30,0.0,0.0,0.0,0.0,50,1.0,0.02,0.0392156862745098,0.1905514124267734,64,1.0,0.015625,0.03076923076923077,0.1905514124267734,64,1.0,0.015625,0.03076923076923077,0.1905514124267734,64,1.0,0.015625,0.03076923076923077,0.1905514124267734,0.0,0.02702702702702703,0.03
dense,117,in_corpus,1,12,1.0,0.08333333333333333,0.15384615384615385,0.38685280723454163,20,1.0,0.05,0.09523809523809523,0.38685280723454163,30,1.0,0.03333333333333333,0.06451612903225806,0.38685280723454163,50,1.0,0.02,0.0392156862745098,0.38685280723454163,58,1.0,0.017241379310344827,0.03389830508474576,0.38685280723454163,58,1.0,0.017241379310344827,0.03389830508474576,0.38685280723454163,58,1.0,0.017241379310344827,0.03389830508474576,0.38685280723454163,0.0,0.2,0.03
dense,120,in_corpus,1,12,1.0,0.08333333333333333,0.15384615384615385,0.31546487678572877,20,1.0,0.05,0.09523809523809523,0.31546487678572877,30,1.0,0.03333333333333333,0.06451612903225806,0.31546487678572877,46,1.0,0.021739130434782608,0.042553191489361694,0.31546487678572877,46,1.0,0.021739130434782608,0.042553191489361694,0.31546487678572877,46,1.0,0.021739130434782608,0.042553191489361694,0.31546487678572877,46,1.0,0.021739130434782608,0.042553191489361694,0.31546487678572877,0.0,0.125,0.045
dense,122,unparseable,4,12,0.0,0.0,0.0,0.0,20,0.0,0.0,0.0,0.0,30,0.0,0.0,0.0,0.0,50,0.0,0.0,0.0,0.0,66,0.0,0.0,0.0,0.0,66,0.0,0.0,0.0,0.0,66,0.0,0.0,0.0,0.0,0.0,0.0,0.032
dense,123,unparseable,2,12,0.0,0.0,0.0,0.0,20,0.0,0.0,0.0,0.0,30,0.0,0.0,0.0,0.0,50,0.0,0.0,0.0,0.0,63,0.0,0.0,0.0,0.0,63,0.0,0.0,0.0,0.0,63,0.0,0.0,0.0,0.0,0.0,0.0,0.062
dense,124,unparseable,1,12,0.0,0.0,0.0,0.0,20,0.0,0.0,0.0,0.0,30,0.0,0.0,0.0,0.0,50,0.0,0.0,0.0,0.0,55,0.0,0.0,0.0,0.0,55,0.0,0.0,0.0,0.0,55,0.0,0.0,0.0,0.0,0.0,0.0,0.035
dense,128,unparseable,1,12,0.0,0.0,0.0,0.0,20,0.0,0.0,0.0,0.0,30,0.0,0.0,0.0,0.0,50,0.0,0.0,0.0,0.0,54,0.0,0.0,0.0,0.0,54,0.0,0.0,0.0,0.0,54,0.0,0.0,0.0,0.0,0.0,0.0,0.029
dense,132,in_corpus,5,12,0.0,0.0,0.0,0.0,20,0.0,0.0,0.0,0.0,30,0.0,0.0,0.0,0.0,50,0.0,0.0,0.0,0.0,58,0.0,0.0,0.0,0.0,58,0.0,0.0,0.0,0.0,58,0.0,0.0,0.0,0.0,0.0,0.0,0.023
dense,140,in_corpus,1,12,0.0,0.0,0.0,0.0,20,0.0,0.0,0.0,0.0,30,0.0,0.0,0.0,0.0,41,1.0,0.024390243902439025,0.047619047619047616,0.18790182470910757,41,1.0,0.024390243902439025,0.047619047619047616,0.18790182470910757,41,1.0,0.024390243902439025,0.047619047619047616,0.18790182470910757,41,1.0,0.024390243902439025,0.047619047619047616,0.18790182470910757,0.0,0.02564102564102564,0.063
dense,141,unparseable,4,12,0.0,0.0,0.0,0.0,20,0.0,0.0,0.0,0.0,30,0.0,0.0,0.0,0.0,50,0.0,0.0,0.0,0.0,66,0.0,0.0,0.0,0.0,66,0.0,0.0,0.0,0.0,66,0.0,0.0,0.0,0.0,0.0,0.0,0.046
dense,147,in_corpus,1,12,1.0,0.08333333333333333,0.15384615384615385,1.0,20,1.0,0.05,0.09523809523809523,1.0,30,1.0,0.03333333333333333,0.06451612903225806,1.0,48,1.0,0.020833333333333332,0.04081632653061225,1.0,48,1.0,0.020833333333333332,0.04081632653061225,1.0,48,1.0,0.020833333333333332,0.04081632653061225,1.0,48,1.0,0.020833333333333332,0.04081632653061225,1.0,1.0,1.0,0.032
dense,151,in_corpus,1,12,0.0,0.0,0.0,0.0,20,0.0,0.0,0.0,0.0,30,0.0,0.0,0.0,0.0,50,1.0,0.02,0.0392156862745098,0.1781035935540111,63,1.0,0.015873015873015872,0.03125,0.1781035935540111,63,1.0,0.015873015873015872,0.03125,0.1781035935540111,63,1.0,0.015873015873015872,0.03125,0.1781035935540111,0.0,0.020833333333333332,0.032
dense,154,in_corpus,1,12,0.0,0.0,0.0,0.0,20,1.0,0.05,0.09523809523809523,0.26264953503719357,30,1.0,0.03333333333333333,0.06451612903225806,0.26264953503719357,42,1.0,0.023809523809523808,0.046511627906976744,0.26264953503719357,42,1.0,0.023809523809523808,0.046511627906976744,0.26264953503719357,42,1.0,0.023809523809523808,0.046511627906976744,0.26264953503719357,42,1.0,0.023809523809523808,0.046511627906976744,0.26264953503719357,0.0,0.07692307692307693,0.027
dense,160,in_corpus,1,12,1.0,0.08333333333333333,0.15384615384615385,0.3333333333333333,20,1.0,0.05,0.09523809523809523,0.3333333333333333,30,1.0,0.03333333333333333,0.06451612903225806,0.3333333333333333,50,1.0,0.02,0.0392156862745098,0.3333333333333333,61,1.0,0.01639344262295082,0.03225806451612903,0.3333333333333333,61,1.0,0.01639344262295082,0.03225806451612903,0.3333333333333333,61,1.0,0.01639344262295082,0.03225806451612903,0.3333333333333333,0.0,0.14285714285714285,0.031
dense,164,in_corpus,1,12,1.0,0.08333333333333333,0.15384615384615385,0.3010299956639812,20,1.0,0.05,0.09523809523809523,0.3010299956639812,30,1.0,0.03333333333333333,0.06451612903225806,0.3010299956639812,44,1.0,0.022727272727272728,0.044444444444444446,0.3010299956639812,44,1.0,0.022727272727272728,0.044444444444444446,0.3010299956639812,44,1.0,0.022727272727272728,0.044444444444444446,0.3010299956639812,44,1.0,0.022727272727272728,0.044444444444444446,0.3010299956639812,0.0,0.1111111111111111,0.048
dense,166,in_corpus,1,12,1.0,0.08333333333333333,0.15384615384615385,0.3333333333333333,20,1.0,0.05,0.09523809523809523,0.3333333333333333,30,1.0,0.03333333333333333,0.06451612903225806,0.3333333333333333,33,1.0,0.030303030303030304,0.05882352941176471,0.3333333333333333,33,1.0,0.030303030303030304,0.05882352941176471,0.3333333333333333,33,1.0,0.030303030303030304,0.05882352941176471,0.3333333333333333,33,1.0,0.030303030303030304,0.05882352941176471,0.3333333333333333,0.0,0.14285714285714285,0.033
dense,169,in_corpus,7,12,0.2857142857142857,0.16666666666666666,0.2105263157894737,0.1509568868954004,20,0.2857142857142857,0.1,0.14814814814814817,0.1509568868954004,30,0.2857142857142857,0.06666666666666667,0.10810810810810811,0.1509568868954004,50,0.2857142857142857,0.04,0.07017543859649124,0.1509568868954004,66,0.2857142857142857,0.030303030303030304,0.054794520547945216,0.1509568868954004,66,0.2857142857142857,0.030303030303030304,0.054794520547945216,0.1509568868954004,66,0.2857142857142857,0.030303030303030304,0.054794520547945216,0.1509568868954004,0.0,0.09090909090909091,0.032
dense,172,unparseable,4,12,0.0,0.0,0.0,0.0,20,0.0,0.0,0.0,0.0,30,0.0,0.0,0.0,0.0,50,0.0,0.0,0.0,0.0,61,0.0,0.0,0.0,0.0,61,0.0,0.0,0.0,0.0,61,0.0,0.0,0.0,0.0,0.0,0.0,0.032
dense,178,in_corpus,1,12,0.0,0.0,0.0,0.0,20,0.0,0.0,0.0,0.0,30,0.0,0.0,0.0,0.0,50,0.0,0.0,0.0,0.0,52,0.0,0.0,0.0,0.0,52,0.0,0.0,0.0,0.0,52,0.0,0.0,0.0,0.0,0.0,0.0,0.032
dense,180,in_corpus,6,12,0.0,0.0,0.0,0.0,20,0.0,0.0,0.0,0.0,30,0.0,0.0,0.0,0.0,50,0.16666666666666666,0.02,0.03571428571428571,0.055427457405235275,52,0.16666666666666666,0.019230769230769232,0.034482758620689655,0.055427457405235275,52,0.16666666666666666,0.019230769230769232,0.034482758620689655,0.055427457405235275,52,0.16666666666666666,0.019230769230769232,0.034482758620689655,0.055427457405235275,0.0,0.023255813953488372,0.053
dense,181,in_corpus,2,12,0.0,0.0,0.0,0.0,20,0.0,0.0,0.0,0.0,30,0.5,0.03333333333333333,0.0625,0.12754356661958802,50,0.5,0.02,0.038461538461538464,0.12754356661958802,56,0.5,0.017857142857142856,0.03448275862068965,0.12754356661958802,56,0.5,0.017857142857142856,0.03448275862068965,0.12754356661958802,56,0.5,0.017857142857142856,0.03448275862068965,0.12754356661958802,0.0,0.037037037037037035,0.032
dense,188,in_corpus,1,12,1.0,0.08333333333333333,0.15384615384615385,0.6309297535714575,20,1.0,0.05,0.09523809523809523,0.6309297535714575,30,1.0,0.03333333333333333,0.06451612903225806,0.6309297535714575,48,1.0,0.020833333333333332,0.04081632653061225,0.6309297535714575,48,1.0,0.020833333333333332,0.04081632653061225,0.6309297535714575,48,1.0,0.020833333333333332,0.04081632653061225,0.6309297535714575,48,1.0,0.020833333333333332,0.04081632653061225,0.6309297535714575,0.0,0.5,0.027
dense,190,in_corpus,1,12,0.0,0.0,0.0,0.0,20,0.0,0.0,0.0,0.0,30,0.0,0.0,0.0,0.0,50,0.0,0.0,0.0,0.0,57,0.0,0.0,0.0,0.0,57,0.0,0.0,0.0,0.0,57,0.0,0.0,0.0,0.0,0.0,0.0,0.032
dense,198,in_corpus,1,12,1.0,0.08333333333333333,0.15384615384615385,0.5,20,1.0,0.05,0.09523809523809523,0.5,30,1.0,0.03333333333333333,0.06451612903225806,0.5,50,1.0,0.02,0.0392156862745098,0.5,57,1.0,0.017543859649122806,0.034482758620689655,0.5,57,1.0,0.017543859649122806,0.034482758620689655,0.5,57,1.0,0.017543859649122806,0.034482758620689655,0.5,0.0,0.3333333333333333,0.032
dense,20,in_corpus,2,12,1.0,0.16666666666666666,0.2857142857142857,0.7977228895450266,20,1.0,0.1,0.18181818181818182,0.7977228895450266,30,1.0,0.06666666666666667,0.125,0.7977228895450266,36,1.0,0.05555555555555555,0.10526315789473684,0.7977228895450266,36,1.0,0.05555555555555555,0.10526315789473684,0.7977228895450266,36,1.0,0.05555555555555555,0.10526315789473684,0.7977228895450266,36,1.0,0.05555555555555555,0.10526315789473684,0.7977228895450266,0.5,1.0,0.227
dense,23,in_corpus,1,12,1.0,0.08333333333333333,0.15384615384615385,1.0,20,1.0,0.05,0.09523809523809523,1.0,30,1.0,0.03333333333333333,0.06451612903225806,1.0,50,1.0,0.02,0.0392156862745098,1.0,52,1.0,0.019230769230769232,0.03773584905660378,1.0,52,1.0,0.019230769230769232,0.03773584905660378,1.0,52,1.0,0.019230769230769232,0.03773584905660378,1.0,1.0,1.0,0.131
dense,34,ooc,1,12,0.0,0.0,0.0,0.0,20,0.0,0.0,0.0,0.0,30,0.0,0.0,0.0,0.0,50,0.0,0.0,0.0,0.0,54,0.0,0.0,0.0,0.0,54,0.0,0.0,0.0,0.0,54,0.0,0.0,0.0,0.0,0.0,0.0,0.043
dense,37,in_corpus,2,12,0.0,0.0,0.0,0.0,20,0.5,0.05,0.09090909090909091,0.14704034066641014,30,0.5,0.03333333333333333,0.0625,0.14704034066641014,50,0.5,0.02,0.038461538461538464,0.14704034066641014,56,1.0,0.03571428571428571,0.0689655172413793,0.2535840728479609,56,1.0,0.03571428571428571,0.0689655172413793,0.2535840728479609,56,1.0,0.03571428571428571,0.0689655172413793,0.2535840728479609,0.0,0.058823529411764705,0.064
dense,45,in_corpus,3,12,0.0,0.0,0.0,0.0,20,0.0,0.0,0.0,0.0,30,0.0,0.0,0.0,0.0,50,0.0,0.0,0.0,0.0,60,0.0,0.0,0.0,0.0,60,0.0,0.0,0.0,0.0,60,0.0,0.0,0.0,0.0,0.0,0.0,0.07
dense,46,in_corpus,1,12,0.0,0.0,0.0,0.0,20,0.0,0.0,0.0,0.0,30,0.0,0.0,0.0,0.0,50,0.0,0.0,0.0,0.0,60,1.0,0.016666666666666666,0.03278688524590164,0.16929380759878143,60,1.0,0.016666666666666666,0.03278688524590164,0.16929380759878143,60,1.0,0.016666666666666666,0.03278688524590164,0.16929380759878143,0.0,0.01694915254237288,0.042
dense,47,in_corpus,3,12,0.3333333333333333,0.08333333333333333,0.13333333333333333,0.12681701683239352,20,0.3333333333333333,0.05,0.08695652173913045,0.12681701683239352,30,0.3333333333333333,0.03333333333333333,0.0606060606060606,0.12681701683239352,42,0.3333333333333333,0.023809523809523808,0.044444444444444446,0.12681701683239352,42,0.3333333333333333,0.023809523809523808,0.044444444444444446,0.12681701683239352,42,0.3333333333333333,0.023809523809523808,0.044444444444444446,0.12681701683239352,42,0.3333333333333333,0.023809523809523808,0.044444444444444446,0.12681701683239352,0.0,0.08333333333333333,0.048
dense,5,unparseable,3,12,0.0,0.0,0.0,0.0,20,0.0,0.0,0.0,0.0,30,0.0,0.0,0.0,0.0,50,0.0,0.0,0.0,0.0,52,0.0,0.0,0.0,0.0,52,0.0,0.0,0.0,0.0,52,0.0,0.0,0.0,0.0,0.0,0.0,0.235
dense,56,in_corpus,2,12,0.0,0.0,0.0,0.0,20,0.0,0.0,0.0,0.0,30,0.0,0.0,0.0,0.0,50,0.0,0.0,0.0,0.0,62,0.5,0.016129032258064516,0.03125,0.10422988231998431,62,0.5,0.016129032258064516,0.03125,0.10422988231998431,62,0.5,0.016129032258064516,0.03125,0.10422988231998431,0.0,0.017241379310344827,0.055
dense,57,unparseable,2,12,0.0,0.0,0.0,0.0,20,0.0,0.0,0.0,0.0,30,0.0,0.0,0.0,0.0,50,0.0,0.0,0.0,0.0,58,0.0,0.0,0.0,0.0,58,0.0,0.0,0.0,0.0,58,0.0,0.0,0.0,0.0,0.0,0.0,0.096
dense,59,in_corpus,1,12,1.0,0.08333333333333333,0.15384615384615385,0.6309297535714575,20,1.0,0.05,0.09523809523809523,0.6309297535714575,30,1.0,0.03333333333333333,0.06451612903225806,0.6309297535714575,37,1.0,0.02702702702702703,0.052631578947368425,0.6309297535714575,37,1.0,0.02702702702702703,0.052631578947368425,0.6309297535714575,37,1.0,0.02702702702702703,0.052631578947368425,0.6309297535714575,37,1.0,0.02702702702702703,0.052631578947368425,0.6309297535714575,0.0,0.5,0.032
dense,62,in_corpus,2,12,0.0,0.0,0.0,0.0,20,0.5,0.05,0.09090909090909091,0.16104282508920814,30,0.5,0.03333333333333333,0.0625,0.16104282508920814,50,1.0,0.04,0.07692307692307693,0.27403900579235924,52,1.0,0.038461538461538464,0.07407407407407407,0.27403900579235924,52,1.0,0.038461538461538464,0.07407407407407407,0.27403900579235924,52,1.0,0.038461538461538464,0.07407407407407407,0.27403900579235924,0.0,0.07692307692307693,0.056
dense,66,in_corpus,2,12,0.0,0.0,0.0,0.0,20,0.0,0.0,0.0,0.0,30,0.0,0.0,0.0,0.0,50,0.0,0.0,0.0,0.0,68,0.0,0.0,0.0,0.0,68,0.0,0.0,0.0,0.0,68,0.0,0.0,0.0,0.0,0.0,0.0,0.046
dense,71,in_corpus,3,12,0.0,0.0,0.0,0.0,20,0.0,0.0,0.0,0.0,30,0.0,0.0,0.0,0.0,50,0.0,0.0,0.0,0.0,58,0.0,0.0,0.0,0.0,58,0.0,0.0,0.0,0.0,58,0.0,0.0,0.0,0.0,0.0,0.0,0.032
dense,83,in_corpus,1,12,1.0,0.08333333333333333,0.15384615384615385,0.6309297535714575,20,1.0,0.05,0.09523809523809523,0.6309297535714575,30,1.0,0.03333333333333333,0.06451612903225806,0.6309297535714575,50,1.0,0.02,0.0392156862745098,0.6309297535714575,56,1.0,0.017857142857142856,0.03508771929824561,0.6309297535714575,56,1.0,0.017857142857142856,0.03508771929824561,0.6309297535714575,56,1.0,0.017857142857142856,0.03508771929824561,0.6309297535714575,0.0,0.5,0.042
dense,84,in_corpus,1,12,0.0,0.0,0.0,0.0,20,0.0,0.0,0.0,0.0,30,0.0,0.0,0.0,0.0,50,1.0,0.02,0.0392156862745098,0.1781035935540111,59,1.0,0.01694915254237288,0.03333333333333333,0.1781035935540111,59,1.0,0.01694915254237288,0.03333333333333333,0.1781035935540111,59,1.0,0.01694915254237288,0.03333333333333333,0.1781035935540111,0.0,0.020833333333333332,0.047
dense,85,unparseable,3,12,0.0,0.0,0.0,0.0,20,0.0,0.0,0.0,0.0,30,0.0,0.0,0.0,0.0,50,0.0,0.0,0.0,0.0,59,0.0,0.0,0.0,0.0,59,0.0,0.0,0.0,0.0,59,0.0,0.0,0.0,0.0,0.0,0.0,0.043
dense,90,in_corpus,3,12,0.6666666666666666,0.16666666666666666,0.26666666666666666,0.6001807161909536,20,0.6666666666666666,0.1,0.1739130434782609,0.6001807161909536,30,0.6666666666666666,0.06666666666666667,0.1212121212121212,0.6001807161909536,50,0.6666666666666666,0.04,0.07547169811320754,0.6001807161909536,51,0.6666666666666666,0.0392156862745098,0.07407407407407407,0.6001807161909536,51,0.6666666666666666,0.0392156862745098,0.07407407407407407,0.6001807161909536,51,0.6666666666666666,0.0392156862745098,0.07407407407407407,0.6001807161909536,0.3333333333333333,1.0,0.032
dense,93,in_corpus,2,12,0.5,0.08333333333333333,0.14285714285714285,0.23719771276929622,20,0.5,0.05,0.09090909090909091,0.23719771276929622,30,1.0,0.06666666666666667,0.125,0.36923177405559165,44,1.0,0.045454545454545456,0.08695652173913045,0.36923177405559165,44,1.0,0.045454545454545456,0.08695652173913045,0.36923177405559165,44,1.0,0.045454545454545456,0.08695652173913045,0.36923177405559165,44,1.0,0.045454545454545456,0.08695652173913045,0.36923177405559165,0.0,0.2,0.043
dense,94,mixed,2,12,0.0,0.0,0.0,0.0,20,0.0,0.0,0.0,0.0,30,0.5,0.03333333333333333,0.0625,0.13554521828632396,50,0.5,0.02,0.038461538461538464,0.13554521828632396,65,0.5,0.015384615384615385,0.029850746268656723,0.13554521828632396,65,0.5,0.015384615384615385,0.029850746268656723,0.13554521828632396,65,0.5,0.015384615384615385,0.029850746268656723,0.13554521828632396,0.0,0.045454545454545456,0.019
dense,97,in_corpus,2,12,0.0,0.0,0.0,0.0,20,0.0,0.0,0.0,0.0,30,0.0,0.0,0.0,0.0,50,0.0,0.0,0.0,0.0,65,1.0,0.03076923076923077,0.059701492537313446,0.21163702696779096,65,1.0,0.03076923076923077,0.059701492537313446,0.21163702696779096,65,1.0,0.03076923076923077,0.059701492537313446,0.21163702696779096,0.0,0.018518518518518517,0.033
dense_hyde,1,ooc,2,12,0.0,0.0,0.0,0.0,20,0.0,0.0,0.0,0.0,30,0.0,0.0,0.0,0.0,39,0.0,0.0,0.0,0.0,39,0.0,0.0,0.0,0.0,39,0.0,0.0,0.0,0.0,39,0.0,0.0,0.0,0.0,0.0,0.0,0.152
dense_hyde,102,in_corpus,1,12,0.0,0.0,0.0,0.0,20,0.0,0.0,0.0,0.0,30,0.0,0.0,0.0,0.0,50,1.0,0.02,0.0392156862745098,0.2,63,1.0,0.015873015873015872,0.03125,0.2,63,1.0,0.015873015873015872,0.03125,0.2,63,1.0,0.015873015873015872,0.03125,0.2,0.0,0.03225806451612903,0.075
dense_hyde,104,in_corpus,1,12,1.0,0.08333333333333333,0.15384615384615385,0.5,20,1.0,0.05,0.09523809523809523,0.5,30,1.0,0.03333333333333333,0.06451612903225806,0.5,40,1.0,0.025,0.04878048780487806,0.5,40,1.0,0.025,0.04878048780487806,0.5,40,1.0,0.025,0.04878048780487806,0.5,40,1.0,0.025,0.04878048780487806,0.5,0.0,0.3333333333333333,0.082
dense_hyde,112,in_corpus,1,12,0.0,0.0,0.0,0.0,20,0.0,0.0,0.0,0.0,30,0.0,0.0,0.0,0.0,49,1.0,0.02040816326530612,0.039999999999999994,0.19342640361727081,49,1.0,0.02040816326530612,0.039999999999999994,0.19342640361727081,49,1.0,0.02040816326530612,0.039999999999999994,0.19342640361727081,49,1.0,0.02040816326530612,0.039999999999999994,0.19342640361727081,0.0,0.02857142857142857,0.063
dense_hyde,114,in_corpus,1,12,1.0,0.08333333333333333,0.15384615384615385,1.0,20,1.0,0.05,0.09523809523809523,1.0,30,1.0,0.03333333333333333,0.06451612903225806,1.0,37,1.0,0.02702702702702703,0.052631578947368425,1.0,37,1.0,0.02702702702702703,0.052631578947368425,1.0,37,1.0,0.02702702702702703,0.052631578947368425,1.0,37,1.0,0.02702702702702703,0.052631578947368425,1.0,1.0,1.0,0.081
dense_hyde,115,in_corpus,1,12,1.0,0.08333333333333333,0.15384615384615385,0.3010299956639812,20,1.0,0.05,0.09523809523809523,0.3010299956639812,30,1.0,0.03333333333333333,0.06451612903225806,0.3010299956639812,50,1.0,0.02,0.0392156862745098,0.3010299956639812,60,1.0,0.016666666666666666,0.03278688524590164,0.3010299956639812,60,1.0,0.016666666666666666,0.03278688524590164,0.3010299956639812,60,1.0,0.016666666666666666,0.03278688524590164,0.3010299956639812,0.0,0.1111111111111111,0.063
dense_hyde,117,in_corpus,1,12,1.0,0.08333333333333333,0.15384615384615385,0.5,20,1.0,0.05,0.09523809523809523,0.5,30,1.0,0.03333333333333333,0.06451612903225806,0.5,49,1.0,0.02040816326530612,0.039999999999999994,0.5,49,1.0,0.02040816326530612,0.039999999999999994,0.5,49,1.0,0.02040816326530612,0.039999999999999994,0.5,49,1.0,0.02040816326530612,0.039999999999999994,0.5,0.0,0.3333333333333333,0.063
dense_hyde,120,in_corpus,1,12,1.0,0.08333333333333333,0.15384615384615385,0.6309297535714575,20,1.0,0.05,0.09523809523809523,0.6309297535714575,30,1.0,0.03333333333333333,0.06451612903225806,0.6309297535714575,37,1.0,0.02702702702702703,0.052631578947368425,0.6309297535714575,37,1.0,0.02702702702702703,0.052631578947368425,0.6309297535714575,37,1.0,0.02702702702702703,0.052631578947368425,0.6309297535714575,37,1.0,0.02702702702702703,0.052631578947368425,0.6309297535714575,0.0,0.5,0.082
dense_hyde,122,unparseable,4,12,0.0,0.0,0.0,0.0,20,0.0,0.0,0.0,0.0,30,0.0,0.0,0.0,0.0,50,0.0,0.0,0.0,0.0,60,0.0,0.0,0.0,0.0,60,0.0,0.0,0.0,0.0,60,0.0,0.0,0.0,0.0,0.0,0.0,0.067
dense_hyde,123,unparseable,2,12,0.0,0.0,0.0,0.0,20,0.0,0.0,0.0,0.0,30,0.0,0.0,0.0,0.0,50,0.0,0.0,0.0,0.0,59,0.0,0.0,0.0,0.0,59,0.0,0.0,0.0,0.0,59,0.0,0.0,0.0,0.0,0.0,0.0,0.082
dense_hyde,124,unparseable,1,12,0.0,0.0,0.0,0.0,20,0.0,0.0,0.0,0.0,30,0.0,0.0,0.0,0.0,50,0.0,0.0,0.0,0.0,52,0.0,0.0,0.0,0.0,52,0.0,0.0,0.0,0.0,52,0.0,0.0,0.0,0.0,0.0,0.0,0.062
dense_hyde,128,unparseable,1,12,0.0,0.0,0.0,0.0,20,0.0,0.0,0.0,0.0,30,0.0,0.0,0.0,0.0,44,0.0,0.0,0.0,0.0,44,0.0,0.0,0.0,0.0,44,0.0,0.0,0.0,0.0,44,0.0,0.0,0.0,0.0,0.0,0.0,0.066
dense_hyde,132,in_corpus,5,12,0.0,0.0,0.0,0.0,20,0.0,0.0,0.0,0.0,30,0.0,0.0,0.0,0.0,50,0.0,0.0,0.0,0.0,55,0.0,0.0,0.0,0.0,55,0.0,0.0,0.0,0.0,55,0.0,0.0,0.0,0.0,0.0,0.0,0.064
dense_hyde,140,in_corpus,1,12,1.0,0.08333333333333333,0.15384615384615385,0.27023815442731974,20,1.0,0.05,0.09523809523809523,0.27023815442731974,30,1.0,0.03333333333333333,0.06451612903225806,0.27023815442731974,38,1.0,0.02631578947368421,0.05128205128205127,0.27023815442731974,38,1.0,0.02631578947368421,0.05128205128205127,0.27023815442731974,38,1.0,0.02631578947368421,0.05128205128205127,0.27023815442731974,38,1.0,0.02631578947368421,0.05128205128205127,0.27023815442731974,0.0,0.08333333333333333,0.077
dense_hyde,141,unparseable,4,12,0.0,0.0,0.0,0.0,20,0.0,0.0,0.0,0.0,30,0.0,0.0,0.0,0.0,50,0.0,0.0,0.0,0.0,56,0.0,0.0,0.0,0.0,56,0.0,0.0,0.0,0.0,56,0.0,0.0,0.0,0.0,0.0,0.0,0.072
dense_hyde,147,in_corpus,1,12,1.0,0.08333333333333333,0.15384615384615385,1.0,20,1.0,0.05,0.09523809523809523,1.0,30,1.0,0.03333333333333333,0.06451612903225806,1.0,50,1.0,0.02,0.0392156862745098,1.0,55,1.0,0.01818181818181818,0.03571428571428572,1.0,55,1.0,0.01818181818181818,0.03571428571428572,1.0,55,1.0,0.01818181818181818,0.03571428571428572,1.0,1.0,1.0,0.071
dense_hyde,151,in_corpus,1,12,0.0,0.0,0.0,0.0,20,0.0,0.0,0.0,0.0,30,0.0,0.0,0.0,0.0,50,1.0,0.02,0.0392156862745098,0.1854490234153689,52,1.0,0.019230769230769232,0.03773584905660378,0.1854490234153689,52,1.0,0.019230769230769232,0.03773584905660378,0.1854490234153689,52,1.0,0.019230769230769232,0.03773584905660378,0.1854490234153689,0.0,0.024390243902439025,0.063
dense_hyde,154,in_corpus,1,12,1.0,0.08333333333333333,0.15384615384615385,0.31546487678572877,20,1.0,0.05,0.09523809523809523,0.31546487678572877,30,1.0,0.03333333333333333,0.06451612903225806,0.31546487678572877,42,1.0,0.023809523809523808,0.046511627906976744,0.31546487678572877,42,1.0,0.023809523809523808,0.046511627906976744,0.31546487678572877,42,1.0,0.023809523809523808,0.046511627906976744,0.31546487678572877,42,1.0,0.023809523809523808,0.046511627906976744,0.31546487678572877,0.0,0.125,0.063
dense_hyde,160,in_corpus,1,12,1.0,0.08333333333333333,0.15384615384615385,1.0,20,1.0,0.05,0.09523809523809523,1.0,30,1.0,0.03333333333333333,0.06451612903225806,1.0,48,1.0,0.020833333333333332,0.04081632653061225,1.0,48,1.0,0.020833333333333332,0.04081632653061225,1.0,48,1.0,0.020833333333333332,0.04081632653061225,1.0,48,1.0,0.020833333333333332,0.04081632653061225,1.0,1.0,1.0,0.064
dense_hyde,164,in_corpus,1,12,1.0,0.08333333333333333,0.15384615384615385,0.38685280723454163,20,1.0,0.05,0.09523809523809523,0.38685280723454163,30,1.0,0.03333333333333333,0.06451612903225806,0.38685280723454163,34,1.0,0.029411764705882353,0.05714285714285715,0.38685280723454163,34,1.0,0.029411764705882353,0.05714285714285715,0.38685280723454163,34,1.0,0.029411764705882353,0.05714285714285715,0.38685280723454163,34,1.0,0.029411764705882353,0.05714285714285715,0.38685280723454163,0.0,0.2,0.08
dense_hyde,166,in_corpus,1,12,1.0,0.08333333333333333,0.15384615384615385,0.6309297535714575,20,1.0,0.05,0.09523809523809523,0.6309297535714575,30,1.0,0.03333333333333333,0.06451612903225806,0.6309297535714575,33,1.0,0.030303030303030304,0.05882352941176471,0.6309297535714575,33,1.0,0.030303030303030304,0.05882352941176471,0.6309297535714575,33,1.0,0.030303030303030304,0.05882352941176471,0.6309297535714575,33,1.0,0.030303030303030304,0.05882352941176471,0.6309297535714575,0.0,0.5,0.051
dense_hyde,169,in_corpus,7,12,0.2857142857142857,0.16666666666666666,0.2105263157894737,0.2558209594125084,20,0.2857142857142857,0.1,0.14814814814814817,0.2558209594125084,30,0.2857142857142857,0.06666666666666667,0.10810810810810811,0.2558209594125084,48,0.2857142857142857,0.041666666666666664,0.07272727272727272,0.2558209594125084,48,0.2857142857142857,0.041666666666666664,0.07272727272727272,0.2558209594125084,48,0.2857142857142857,0.041666666666666664,0.07272727272727272,0.2558209594125084,48,0.2857142857142857,0.041666666666666664,0.07272727272727272,0.2558209594125084,0.2857142857142857,0.3333333333333333,0.064
dense_hyde,172,unparseable,4,12,0.0,0.0,0.0,0.0,20,0.0,0.0,0.0,0.0,30,0.0,0.0,0.0,0.0,50,0.0,0.0,0.0,0.0,60,0.0,0.0,0.0,0.0,60,0.0,0.0,0.0,0.0,60,0.0,0.0,0.0,0.0,0.0,0.0,0.063
dense_hyde,178,in_corpus,1,12,0.0,0.0,0.0,0.0,20,0.0,0.0,0.0,0.0,30,0.0,0.0,0.0,0.0,45,0.0,0.0,0.0,0.0,45,0.0,0.0,0.0,0.0,45,0.0,0.0,0.0,0.0,45,0.0,0.0,0.0,0.0,0.0,0.0,0.064
dense_hyde,180,in_corpus,6,12,0.0,0.0,0.0,0.0,20,0.0,0.0,0.0,0.0,30,0.0,0.0,0.0,0.0,50,0.16666666666666666,0.02,0.03571428571428571,0.05766131729594942,51,0.16666666666666666,0.0196078431372549,0.03508771929824561,0.05766131729594942,51,0.16666666666666666,0.0196078431372549,0.03508771929824561,0.05766131729594942,51,0.16666666666666666,0.0196078431372549,0.03508771929824561,0.05766131729594942,0.0,0.02702702702702703,0.074
dense_hyde,181,in_corpus,2,12,0.0,0.0,0.0,0.0,20,0.0,0.0,0.0,0.0,30,0.0,0.0,0.0,0.0,50,0.5,0.02,0.038461538461538464,0.11953857697847461,53,0.5,0.018867924528301886,0.03636363636363636,0.11953857697847461,53,0.5,0.018867924528301886,0.03636363636363636,0.11953857697847461,53,0.5,0.018867924528301886,0.03636363636363636,0.11953857697847461,0.0,0.029411764705882353,0.063
dense_hyde,188,in_corpus,1,12,1.0,0.08333333333333333,0.15384615384615385,0.3010299956639812,20,1.0,0.05,0.09523809523809523,0.3010299956639812,30,1.0,0.03333333333333333,0.06451612903225806,0.3010299956639812,46,1.0,0.021739130434782608,0.042553191489361694,0.3010299956639812,46,1.0,0.021739130434782608,0.042553191489361694,0.3010299956639812,46,1.0,0.021739130434782608,0.042553191489361694,0.3010299956639812,46,1.0,0.021739130434782608,0.042553191489361694,0.3010299956639812,0.0,0.1111111111111111,0.069
dense_hyde,190,in_corpus,1,12,0.0,0.0,0.0,0.0,20,0.0,0.0,0.0,0.0,30,0.0,0.0,0.0,0.0,49,0.0,0.0,0.0,0.0,49,0.0,0.0,0.0,0.0,49,0.0,0.0,0.0,0.0,49,0.0,0.0,0.0,0.0,0.0,0.0,0.091
dense_hyde,198,in_corpus,1,12,0.0,0.0,0.0,0.0,20,0.0,0.0,0.0,0.0,30,0.0,0.0,0.0,0.0,47,1.0,0.02127659574468085,0.04166666666666667,0.1949590218937863,47,1.0,0.02127659574468085,0.04166666666666667,0.1949590218937863,47,1.0,0.02127659574468085,0.04166666666666667,0.1949590218937863,47,1.0,0.02127659574468085,0.04166666666666667,0.1949590218937863,0.0,0.029411764705882353,0.095
dense_hyde,20,in_corpus,2,12,1.0,0.16666666666666666,0.2857142857142857,0.6240505200038379,20,1.0,0.1,0.18181818181818182,0.6240505200038379,30,1.0,0.06666666666666667,0.125,0.6240505200038379,37,1.0,0.05405405405405406,0.10256410256410257,0.6240505200038379,37,1.0,0.05405405405405406,0.10256410256410257,0.6240505200038379,37,1.0,0.05405405405405406,0.10256410256410257,0.6240505200038379,37,1.0,0.05405405405405406,0.10256410256410257,0.6240505200038379,0.5,0.5,0.123
dense_hyde,23,in_corpus,1,12,1.0,0.08333333333333333,0.15384615384615385,1.0,20,1.0,0.05,0.09523809523809523,1.0,30,1.0,0.03333333333333333,0.06451612903225806,1.0,48,1.0,0.020833333333333332,0.04081632653061225,1.0,48,1.0,0.020833333333333332,0.04081632653061225,1.0,48,1.0,0.020833333333333332,0.04081632653061225,1.0,48,1.0,0.020833333333333332,0.04081632653061225,1.0,1.0,1.0,0.12
dense_hyde,34,ooc,1,12,0.0,0.0,0.0,0.0,20,0.0,0.0,0.0,0.0,30,0.0,0.0,0.0,0.0,49,0.0,0.0,0.0,0.0,49,0.0,0.0,0.0,0.0,49,0.0,0.0,0.0,0.0,49,0.0,0.0,0.0,0.0,0.0,0.0,0.065
dense_hyde,37,in_corpus,2,12,0.5,0.08333333333333333,0.14285714285714285,0.38685280723454163,20,0.5,0.05,0.09090909090909091,0.38685280723454163,30,0.5,0.03333333333333333,0.0625,0.38685280723454163,50,1.0,0.04,0.07692307692307693,0.49723850978393397,51,1.0,0.0392156862745098,0.07547169811320754,0.49723850978393397,51,1.0,0.0392156862745098,0.07547169811320754,0.49723850978393397,51,1.0,0.0392156862745098,0.07547169811320754,0.49723850978393397,0.5,0.5,0.113
dense_hyde,45,in_corpus,3,12,0.0,0.0,0.0,0.0,20,0.3333333333333333,0.05,0.08695652173913045,0.10684080426179023,30,0.6666666666666666,0.06666666666666667,0.1212121212121212,0.21207366040908496,50,0.6666666666666666,0.04,0.07547169811320754,0.21207366040908496,56,0.6666666666666666,0.03571428571428571,0.06779661016949153,0.21207366040908496,56,0.6666666666666666,0.03571428571428571,0.06779661016949153,0.21207366040908496,56,0.6666666666666666,0.03571428571428571,0.06779661016949153,0.21207366040908496,0.0,0.05,0.098
dense_hyde,46,in_corpus,1,12,0.0,0.0,0.0,0.0,20,0.0,0.0,0.0,0.0,30,0.0,0.0,0.0,0.0,48,0.0,0.0,0.0,0.0,48,0.0,0.0,0.0,0.0,48,0.0,0.0,0.0,0.0,48,0.0,0.0,0.0,0.0,0.0,0.0,0.08
dense_hyde,47,in_corpus,3,12,0.3333333333333333,0.08333333333333333,0.13333333333333333,0.1480409554829326,20,0.3333333333333333,0.05,0.08695652173913045,0.1480409554829326,30,0.3333333333333333,0.03333333333333333,0.0606060606060606,0.1480409554829326,43,0.3333333333333333,0.023255813953488372,0.04347826086956522,0.1480409554829326,43,0.3333333333333333,0.023255813953488372,0.04347826086956522,0.1480409554829326,43,0.3333333333333333,0.023255813953488372,0.04347826086956522,0.1480409554829326,43,0.3333333333333333,0.023255813953488372,0.04347826086956522,0.1480409554829326,0.0,0.125,0.113
dense_hyde,5,unparseable,3,12,0.0,0.0,0.0,0.0,20,0.0,0.0,0.0,0.0,30,0.0,0.0,0.0,0.0,50,0.0,0.0,0.0,0.0,53,0.0,0.0,0.0,0.0,53,0.0,0.0,0.0,0.0,53,0.0,0.0,0.0,0.0,0.0,0.0,0.291
dense_hyde,56,in_corpus,2,12,0.5,0.08333333333333333,0.14285714285714285,0.1710330840677181,20,0.5,0.05,0.09090909090909091,0.1710330840677181,30,0.5,0.03333333333333333,0.0625,0.1710330840677181,46,0.5,0.021739130434782608,0.041666666666666664,0.1710330840677181,46,0.5,0.021739130434782608,0.041666666666666664,0.1710330840677181,46,0.5,0.021739130434782608,0.041666666666666664,0.1710330840677181,46,0.5,0.021739130434782608,0.041666666666666664,0.1710330840677181,0.0,0.09090909090909091,0.078
dense_hyde,57,unparseable,2,12,0.0,0.0,0.0,0.0,20,0.0,0.0,0.0,0.0,30,0.0,0.0,0.0,0.0,50,0.0,0.0,0.0,0.0,52,0.0,0.0,0.0,0.0,52,0.0,0.0,0.0,0.0,52,0.0,0.0,0.0,0.0,0.0,0.0,0.111
dense_hyde,59,in_corpus,1,12,1.0,0.08333333333333333,0.15384615384615385,0.6309297535714575,20,1.0,0.05,0.09523809523809523,0.6309297535714575,30,1.0,0.03333333333333333,0.06451612903225806,0.6309297535714575,36,1.0,0.027777777777777776,0.05405405405405406,0.6309297535714575,36,1.0,0.027777777777777776,0.05405405405405406,0.6309297535714575,36,1.0,0.027777777777777776,0.05405405405405406,0.6309297535714575,36,1.0,0.027777777777777776,0.05405405405405406,0.6309297535714575,0.0,0.5,0.095
dense_hyde,62,in_corpus,2,12,0.5,0.08333333333333333,0.14285714285714285,0.3065735963827292,20,0.5,0.05,0.09090909090909091,0.3065735963827292,30,0.5,0.03333333333333333,0.0625,0.3065735963827292,50,0.5,0.02,0.038461538461538464,0.3065735963827292,58,0.5,0.017241379310344827,0.03333333333333333,0.3065735963827292,58,0.5,0.017241379310344827,0.03333333333333333,0.3065735963827292,58,0.5,0.017241379310344827,0.03333333333333333,0.3065735963827292,0.0,0.3333333333333333,0.105
dense_hyde,66,in_corpus,2,12,0.0,0.0,0.0,0.0,20,0.0,0.0,0.0,0.0,30,0.0,0.0,0.0,0.0,48,0.0,0.0,0.0,0.0,48,0.0,0.0,0.0,0.0,48,0.0,0.0,0.0,0.0,48,0.0,0.0,0.0,0.0,0.0,0.0,0.068
dense_hyde,71,in_corpus,3,12,0.0,0.0,0.0,0.0,20,0.0,0.0,0.0,0.0,30,0.0,0.0,0.0,0.0,50,0.0,0.0,0.0,0.0,58,0.0,0.0,0.0,0.0,58,0.0,0.0,0.0,0.0,58,0.0,0.0,0.0,0.0,0.0,0.0,0.063
dense_hyde,83,in_corpus,1,12,1.0,0.08333333333333333,0.15384615384615385,0.43067655807339306,20,1.0,0.05,0.09523809523809523,0.43067655807339306,30,1.0,0.03333333333333333,0.06451612903225806,0.43067655807339306,48,1.0,0.020833333333333332,0.04081632653061225,0.43067655807339306,48,1.0,0.020833333333333332,0.04081632653061225,0.43067655807339306,48,1.0,0.020833333333333332,0.04081632653061225,0.43067655807339306,48,1.0,0.020833333333333332,0.04081632653061225,0.43067655807339306,0.0,0.25,0.106
dense_hyde,84,in_corpus,1,12,0.0,0.0,0.0,0.0,20,0.0,0.0,0.0,0.0,30,0.0,0.0,0.0,0.0,50,0.0,0.0,0.0,0.0,52,0.0,0.0,0.0,0.0,52,0.0,0.0,0.0,0.0,52,0.0,0.0,0.0,0.0,0.0,0.0,0.063
dense_hyde,85,unparseable,3,12,0.0,0.0,0.0,0.0,20,0.0,0.0,0.0,0.0,30,0.0,0.0,0.0,0.0,50,0.0,0.0,0.0,0.0,53,0.0,0.0,0.0,0.0,53,0.0,0.0,0.0,0.0,53,0.0,0.0,0.0,0.0,0.0,0.0,0.09
dense_hyde,90,in_corpus,3,12,0.6666666666666666,0.16666666666666666,0.26666666666666666,0.6364391809889587,20,0.6666666666666666,0.1,0.1739130434782609,0.6364391809889587,30,0.6666666666666666,0.06666666666666667,0.1212121212121212,0.6364391809889587,41,0.6666666666666666,0.04878048780487805,0.0909090909090909,0.6364391809889587,41,0.6666666666666666,0.04878048780487805,0.0909090909090909,0.6364391809889587,41,0.6666666666666666,0.04878048780487805,0.0909090909090909,0.6364391809889587,41,0.6666666666666666,0.04878048780487805,0.0909090909090909,0.6364391809889587,0.3333333333333333,1.0,0.063
dense_hyde,93,in_corpus,2,12,0.5,0.08333333333333333,0.14285714285714285,0.2640681225725909,20,0.5,0.05,0.09090909090909091,0.2640681225725909,30,1.0,0.06666666666666667,0.125,0.3996133408589148,44,1.0,0.045454545454545456,0.08695652173913045,0.3996133408589148,44,1.0,0.045454545454545456,0.08695652173913045,0.3996133408589148,44,1.0,0.045454545454545456,0.08695652173913045,0.3996133408589148,44,1.0,0.045454545454545456,0.08695652173913045,0.3996133408589148,0.0,0.25,0.067
dense_hyde,94,mixed,2,12,0.5,0.08333333333333333,0.14285714285714285,0.18457569677956817,20,0.5,0.05,0.09090909090909091,0.18457569677956817,30,0.5,0.03333333333333333,0.0625,0.18457569677956817,50,0.5,0.02,0.038461538461538464,0.18457569677956817,54,0.5,0.018518518518518517,0.03571428571428571,0.18457569677956817,54,0.5,0.018518518518518517,0.03571428571428571,0.18457569677956817,54,0.5,0.018518518518518517,0.03571428571428571,0.18457569677956817,0.0,0.1111111111111111,0.077
dense_hyde,97,in_corpus,2,12,0.5,0.08333333333333333,0.14285714285714285,0.21840743681816419,20,0.5,0.05,0.09090909090909091,0.21840743681816419,30,0.5,0.03333333333333333,0.0625,0.21840743681816419,50,1.0,0.04,0.07692307692307693,0.3314036175213153,55,1.0,0.03636363636363636,0.07017543859649122,0.3314036175213153,55,1.0,0.03636363636363636,0.07017543859649122,0.3314036175213153,55,1.0,0.03636363636363636,0.07017543859649122,0.3314036175213153,0.0,0.16666666666666666,0.065
full_rerank,1,ooc,2,0,0.0,0.0,0.0,0.0,0,0.0,0.0,0.0,0.0,0,0.0,0.0,0.0,0.0,0,0.0,0.0,0.0,0.0,0,0.0,0.0,0.0,0.0,0,0.0,0.0,0.0,0.0,0,0.0,0.0,0.0,0.0,0.0,0.0,1.595
full_rerank,102,in_corpus,1,12,1.0,0.08333333333333333,0.15384615384615385,0.43067655807339306,20,1.0,0.05,0.09523809523809523,0.43067655807339306,30,1.0,0.03333333333333333,0.06451612903225806,0.43067655807339306,42,1.0,0.023809523809523808,0.046511627906976744,0.43067655807339306,42,1.0,0.023809523809523808,0.046511627906976744,0.43067655807339306,42,1.0,0.023809523809523808,0.046511627906976744,0.43067655807339306,42,1.0,0.023809523809523808,0.046511627906976744,0.43067655807339306,0.0,0.25,1.747
full_rerank,104,in_corpus,1,12,1.0,0.08333333333333333,0.15384615384615385,0.6309297535714575,20,1.0,0.05,0.09523809523809523,0.6309297535714575,30,1.0,0.03333333333333333,0.06451612903225806,0.6309297535714575,50,1.0,0.02,0.0392156862745098,0.6309297535714575,51,1.0,0.0196078431372549,0.038461538461538464,0.6309297535714575,51,1.0,0.0196078431372549,0.038461538461538464,0.6309297535714575,51,1.0,0.0196078431372549,0.038461538461538464,0.6309297535714575,0.0,0.5,2.356
full_rerank,112,in_corpus,1,12,0.0,0.0,0.0,0.0,20,0.0,0.0,0.0,0.0,30,0.0,0.0,0.0,0.0,38,0.0,0.0,0.0,0.0,38,0.0,0.0,0.0,0.0,38,0.0,0.0,0.0,0.0,38,0.0,0.0,0.0,0.0,0.0,0.0,1.86
full_rerank,114,in_corpus,1,12,0.0,0.0,0.0,0.0,20,0.0,0.0,0.0,0.0,30,0.0,0.0,0.0,0.0,42,0.0,0.0,0.0,0.0,42,0.0,0.0,0.0,0.0,42,0.0,0.0,0.0,0.0,42,0.0,0.0,0.0,0.0,0.0,0.0,1.776
full_rerank,115,in_corpus,1,12,1.0,0.08333333333333333,0.15384615384615385,0.3562071871080222,20,1.0,0.05,0.09523809523809523,0.3562071871080222,30,1.0,0.03333333333333333,0.06451612903225806,0.3562071871080222,40,1.0,0.025,0.04878048780487806,0.3562071871080222,40,1.0,0.025,0.04878048780487806,0.3562071871080222,40,1.0,0.025,0.04878048780487806,0.3562071871080222,40,1.0,0.025,0.04878048780487806,0.3562071871080222,0.0,0.16666666666666666,1.913
full_rerank,117,in_corpus,1,12,1.0,0.08333333333333333,0.15384615384615385,1.0,20,1.0,0.05,0.09523809523809523,1.0,30,1.0,0.03333333333333333,0.06451612903225806,1.0,50,1.0,0.02,0.0392156862745098,1.0,51,1.0,0.0196078431372549,0.038461538461538464,1.0,51,1.0,0.0196078431372549,0.038461538461538464,1.0,51,1.0,0.0196078431372549,0.038461538461538464,1.0,1.0,1.0,1.998
full_rerank,120,in_corpus,1,12,1.0,0.08333333333333333,0.15384615384615385,0.2890648263178879,20,1.0,0.05,0.09523809523809523,0.2890648263178879,30,1.0,0.03333333333333333,0.06451612903225806,0.2890648263178879,42,1.0,0.023809523809523808,0.046511627906976744,0.2890648263178879,42,1.0,0.023809523809523808,0.046511627906976744,0.2890648263178879,42,1.0,0.023809523809523808,0.046511627906976744,0.2890648263178879,42,1.0,0.023809523809523808,0.046511627906976744,0.2890648263178879,0.0,0.1,2.114
full_rerank,122,unparseable,4,12,0.0,0.0,0.0,0.0,20,0.0,0.0,0.0,0.0,30,0.0,0.0,0.0,0.0,50,0.0,0.0,0.0,0.0,51,0.0,0.0,0.0,0.0,51,0.0,0.0,0.0,0.0,51,0.0,0.0,0.0,0.0,0.0,0.0,2.005
full_rerank,123,unparseable,2,12,0.0,0.0,0.0,0.0,20,0.0,0.0,0.0,0.0,30,0.0,0.0,0.0,0.0,45,0.0,0.0,0.0,0.0,45,0.0,0.0,0.0,0.0,45,0.0,0.0,0.0,0.0,45,0.0,0.0,0.0,0.0,0.0,0.0,2.404
full_rerank,124,unparseable,1,12,0.0,0.0,0.0,0.0,20,0.0,0.0,0.0,0.0,30,0.0,0.0,0.0,0.0,45,0.0,0.0,0.0,0.0,45,0.0,0.0,0.0,0.0,45,0.0,0.0,0.0,0.0,45,0.0,0.0,0.0,0.0,0.0,0.0,1.61
full_rerank,128,unparseable,1,12,0.0,0.0,0.0,0.0,20,0.0,0.0,0.0,0.0,30,0.0,0.0,0.0,0.0,46,0.0,0.0,0.0,0.0,46,0.0,0.0,0.0,0.0,46,0.0,0.0,0.0,0.0,46,0.0,0.0,0.0,0.0,0.0,0.0,2.142
full_rerank,132,in_corpus,5,12,0.0,0.0,0.0,0.0,20,0.0,0.0,0.0,0.0,30,0.0,0.0,0.0,0.0,50,0.0,0.0,0.0,0.0,50,0.0,0.0,0.0,0.0,50,0.0,0.0,0.0,0.0,50,0.0,0.0,0.0,0.0,0.0,0.0,2.039
full_rerank,140,in_corpus,1,12,1.0,0.08333333333333333,0.15384615384615385,0.31546487678572877,20,1.0,0.05,0.09523809523809523,0.31546487678572877,30,1.0,0.03333333333333333,0.06451612903225806,0.31546487678572877,38,1.0,0.02631578947368421,0.05128205128205127,0.31546487678572877,38,1.0,0.02631578947368421,0.05128205128205127,0.31546487678572877,38,1.0,0.02631578947368421,0.05128205128205127,0.31546487678572877,38,1.0,0.02631578947368421,0.05128205128205127,0.31546487678572877,0.0,0.125,1.958
full_rerank,141,unparseable,4,12,0.0,0.0,0.0,0.0,20,0.0,0.0,0.0,0.0,30,0.0,0.0,0.0,0.0,42,0.0,0.0,0.0,0.0,42,0.0,0.0,0.0,0.0,42,0.0,0.0,0.0,0.0,42,0.0,0.0,0.0,0.0,0.0,0.0,2.303
full_rerank,147,in_corpus,1,12,0.0,0.0,0.0,0.0,20,1.0,0.05,0.09523809523809523,0.24465054211822604,30,1.0,0.03333333333333333,0.06451612903225806,0.24465054211822604,50,1.0,0.02,0.0392156862745098,0.24465054211822604,51,1.0,0.0196078431372549,0.038461538461538464,0.24465054211822604,51,1.0,0.0196078431372549,0.038461538461538464,0.24465054211822604,51,1.0,0.0196078431372549,0.038461538461538464,0.24465054211822604,0.0,0.0625,2.783
full_rerank,151,in_corpus,1,12,0.0,0.0,0.0,0.0,20,1.0,0.05,0.09523809523809523,0.24465054211822604,30,1.0,0.03333333333333333,0.06451612903225806,0.24465054211822604,40,1.0,0.025,0.04878048780487806,0.24465054211822604,40,1.0,0.025,0.04878048780487806,0.24465054211822604,40,1.0,0.025,0.04878048780487806,0.24465054211822604,40,1.0,0.025,0.04878048780487806,0.24465054211822604,0.0,0.0625,1.409
full_rerank,154,in_corpus,1,12,1.0,0.08333333333333333,0.15384615384615385,1.0,20,1.0,0.05,0.09523809523809523,1.0,23,1.0,0.043478260869565216,0.08333333333333333,1.0,23,1.0,0.043478260869565216,0.08333333333333333,1.0,23,1.0,0.043478260869565216,0.08333333333333333,1.0,23,1.0,0.043478260869565216,0.08333333333333333,1.0,23,1.0,0.043478260869565216,0.08333333333333333,1.0,1.0,1.0,1.521
full_rerank,160,in_corpus,1,12,0.0,0.0,0.0,0.0,20,0.0,0.0,0.0,0.0,30,0.0,0.0,0.0,0.0,47,0.0,0.0,0.0,0.0,47,0.0,0.0,0.0,0.0,47,0.0,0.0,0.0,0.0,47,0.0,0.0,0.0,0.0,0.0,0.0,2.431
full_rerank,164,in_corpus,1,12,1.0,0.08333333333333333,0.15384615384615385,0.3010299956639812,20,1.0,0.05,0.09523809523809523,0.3010299956639812,30,1.0,0.03333333333333333,0.06451612903225806,0.3010299956639812,32,1.0,0.03125,0.06060606060606061,0.3010299956639812,32,1.0,0.03125,0.06060606060606061,0.3010299956639812,32,1.0,0.03125,0.06060606060606061,0.3010299956639812,32,1.0,0.03125,0.06060606060606061,0.3010299956639812,0.0,0.1111111111111111,2.668
full_rerank,166,in_corpus,1,12,1.0,0.08333333333333333,0.15384615384615385,0.3562071871080222,19,1.0,0.05263157894736842,0.1,0.3562071871080222,19,1.0,0.05263157894736842,0.1,0.3562071871080222,19,1.0,0.05263157894736842,0.1,0.3562071871080222,19,1.0,0.05263157894736842,0.1,0.3562071871080222,19,1.0,0.05263157894736842,0.1,0.3562071871080222,19,1.0,0.05263157894736842,0.1,0.3562071871080222,0.0,0.16666666666666666,1.928
full_rerank,169,in_corpus,7,12,0.14285714285714285,0.08333333333333333,0.10526315789473685,0.17342765698823945,20,0.14285714285714285,0.05,0.07407407407407408,0.17342765698823945,30,0.2857142857142857,0.06666666666666667,0.10810810810810811,0.23506697706784344,50,0.42857142857142855,0.06,0.10526315789473684,0.2900422436507016,52,0.42857142857142855,0.057692307692307696,0.10169491525423728,0.2900422436507016,52,0.42857142857142855,0.057692307692307696,0.10169491525423728,0.2900422436507016,52,0.42857142857142855,0.057692307692307696,0.10169491525423728,0.2900422436507016,0.14285714285714285,0.5,2.512
full_rerank,172,unparseable,4,12,0.0,0.0,0.0,0.0,20,0.0,0.0,0.0,0.0,30,0.0,0.0,0.0,0.0,47,0.0,0.0,0.0,0.0,47,0.0,0.0,0.0,0.0,47,0.0,0.0,0.0,0.0,47,0.0,0.0,0.0,0.0,0.0,0.0,1.671
full_rerank,178,in_corpus,1,12,0.0,0.0,0.0,0.0,20,1.0,0.05,0.09523809523809523,0.23981246656813146,30,1.0,0.03333333333333333,0.06451612903225806,0.23981246656813146,37,1.0,0.02702702702702703,0.052631578947368425,0.23981246656813146,37,1.0,0.02702702702702703,0.052631578947368425,0.23981246656813146,37,1.0,0.02702702702702703,0.052631578947368425,0.23981246656813146,37,1.0,0.02702702702702703,0.052631578947368425,0.23981246656813146,0.0,0.058823529411764705,1.935
full_rerank,180,in_corpus,6,12,0.0,0.0,0.0,0.0,20,0.0,0.0,0.0,0.0,30,0.0,0.0,0.0,0.0,41,0.3333333333333333,0.04878048780487805,0.0851063829787234,0.11700195282604,41,0.3333333333333333,0.04878048780487805,0.0851063829787234,0.11700195282604,41,0.3333333333333333,0.04878048780487805,0.0851063829787234,0.11700195282604,41,0.3333333333333333,0.04878048780487805,0.0851063829787234,0.11700195282604,0.0,0.03225806451612903,2.259
full_rerank,181,in_corpus,2,12,0.5,0.08333333333333333,0.14285714285714285,0.21840743681816419,20,0.5,0.05,0.09090909090909091,0.21840743681816419,30,0.5,0.03333333333333333,0.0625,0.21840743681816419,49,1.0,0.04081632653061224,0.07843137254901959,0.330054121827863,49,1.0,0.04081632653061224,0.07843137254901959,0.330054121827863,49,1.0,0.04081632653061224,0.07843137254901959,0.330054121827863,49,1.0,0.04081632653061224,0.07843137254901959,0.330054121827863,0.0,0.16666666666666666,1.881
full_rerank,188,in_corpus,1,12,1.0,0.08333333333333333,0.15384615384615385,0.6309297535714575,20,1.0,0.05,0.09523809523809523,0.6309297535714575,30,1.0,0.03333333333333333,0.06451612903225806,0.6309297535714575,41,1.0,0.024390243902439025,0.047619047619047616,0.6309297535714575,41,1.0,0.024390243902439025,0.047619047619047616,0.6309297535714575,41,1.0,0.024390243902439025,0.047619047619047616,0.6309297535714575,41,1.0,0.024390243902439025,0.047619047619047616,0.6309297535714575,0.0,0.5,2.105
full_rerank,190,in_corpus,1,12,0.0,0.0,0.0,0.0,20,0.0,0.0,0.0,0.0,30,0.0,0.0,0.0,0.0,50,0.0,0.0,0.0,0.0,52,0.0,0.0,0.0,0.0,52,0.0,0.0,0.0,0.0,52,0.0,0.0,0.0,0.0,0.0,0.0,2.433
full_rerank,198,in_corpus,1,12,1.0,0.08333333333333333,0.15384615384615385,0.3562071871080222,20,1.0,0.05,0.09523809523809523,0.3562071871080222,30,1.0,0.03333333333333333,0.06451612903225806,0.3562071871080222,44,1.0,0.022727272727272728,0.044444444444444446,0.3562071871080222,44,1.0,0.022727272727272728,0.044444444444444446,0.3562071871080222,44,1.0,0.022727272727272728,0.044444444444444446,0.3562071871080222,44,1.0,0.022727272727272728,0.044444444444444446,0.3562071871080222,0.0,0.16666666666666666,2.35
full_rerank,20,in_corpus,2,12,0.0,0.0,0.0,0.0,20,0.0,0.0,0.0,0.0,21,0.0,0.0,0.0,0.0,21,0.0,0.0,0.0,0.0,21,0.0,0.0,0.0,0.0,21,0.0,0.0,0.0,0.0,21,0.0,0.0,0.0,0.0,0.0,0.0,2.425
full_rerank,23,in_corpus,1,12,0.0,0.0,0.0,0.0,20,0.0,0.0,0.0,0.0,30,0.0,0.0,0.0,0.0,34,0.0,0.0,0.0,0.0,34,0.0,0.0,0.0,0.0,34,0.0,0.0,0.0,0.0,34,0.0,0.0,0.0,0.0,0.0,0.0,2.413
full_rerank,34,ooc,1,12,0.0,0.0,0.0,0.0,20,0.0,0.0,0.0,0.0,30,0.0,0.0,0.0,0.0,43,0.0,0.0,0.0,0.0,43,0.0,0.0,0.0,0.0,43,0.0,0.0,0.0,0.0,43,0.0,0.0,0.0,0.0,0.0,0.0,2.772
full_rerank,37,in_corpus,2,12,0.5,0.08333333333333333,0.14285714285714285,0.38685280723454163,20,0.5,0.05,0.09090909090909091,0.38685280723454163,30,1.0,0.06666666666666667,0.125,0.5143963738541297,47,1.0,0.0425531914893617,0.08163265306122448,0.5143963738541297,47,1.0,0.0425531914893617,0.08163265306122448,0.5143963738541297,47,1.0,0.0425531914893617,0.08163265306122448,0.5143963738541297,47,1.0,0.0425531914893617,0.08163265306122448,0.5143963738541297,0.5,0.5,2.447
full_rerank,45,in_corpus,3,12,0.0,0.0,0.0,0.0,20,0.0,0.0,0.0,0.0,30,0.0,0.0,0.0,0.0,48,0.3333333333333333,0.020833333333333332,0.0392156862745098,0.08402540320766004,48,0.3333333333333333,0.020833333333333332,0.0392156862745098,0.08402540320766004,48,0.3333333333333333,0.020833333333333332,0.0392156862745098,0.08402540320766004,48,0.3333333333333333,0.020833333333333332,0.0392156862745098,0.08402540320766004,0.0,0.02127659574468085,2.686
full_rerank,46,in_corpus,1,12,0.0,0.0,0.0,0.0,20,0.0,0.0,0.0,0.0,30,0.0,0.0,0.0,0.0,49,0.0,0.0,0.0,0.0,49,0.0,0.0,0.0,0.0,49,0.0,0.0,0.0,0.0,49,0.0,0.0,0.0,0.0,0.0,0.0,2.121
full_rerank,47,in_corpus,3,12,0.3333333333333333,0.08333333333333333,0.13333333333333333,0.16716045496620227,20,0.3333333333333333,0.05,0.08695652173913045,0.16716045496620227,30,0.3333333333333333,0.03333333333333333,0.0606060606060606,0.16716045496620227,40,0.3333333333333333,0.025,0.046511627906976744,0.16716045496620227,40,0.3333333333333333,0.025,0.046511627906976744,0.16716045496620227,40,0.3333333333333333,0.025,0.046511627906976744,0.16716045496620227,40,0.3333333333333333,0.025,0.046511627906976744,0.16716045496620227,0.0,0.16666666666666666,2.763
full_rerank,5,unparseable,3,12,0.0,0.0,0.0,0.0,20,0.0,0.0,0.0,0.0,30,0.0,0.0,0.0,0.0,37,0.0,0.0,0.0,0.0,37,0.0,0.0,0.0,0.0,37,0.0,0.0,0.0,0.0,37,0.0,0.0,0.0,0.0,0.0,0.0,4.637
full_rerank,56,in_corpus,2,12,0.0,0.0,0.0,0.0,20,0.0,0.0,0.0,0.0,30,0.0,0.0,0.0,0.0,37,0.0,0.0,0.0,0.0,37,0.0,0.0,0.0,0.0,37,0.0,0.0,0.0,0.0,37,0.0,0.0,0.0,0.0,0.0,0.0,3.317
full_rerank,57,unparseable,2,12,0.0,0.0,0.0,0.0,20,0.0,0.0,0.0,0.0,30,0.0,0.0,0.0,0.0,45,0.0,0.0,0.0,0.0,45,0.0,0.0,0.0,0.0,45,0.0,0.0,0.0,0.0,45,0.0,0.0,0.0,0.0,0.0,0.0,2.443
full_rerank,59,in_corpus,1,12,1.0,0.08333333333333333,0.15384615384615385,1.0,20,1.0,0.05,0.09523809523809523,1.0,30,1.0,0.03333333333333333,0.06451612903225806,1.0,34,1.0,0.029411764705882353,0.05714285714285715,1.0,34,1.0,0.029411764705882353,0.05714285714285715,1.0,34,1.0,0.029411764705882353,0.05714285714285715,1.0,34,1.0,0.029411764705882353,0.05714285714285715,1.0,1.0,1.0,2.502
full_rerank,62,in_corpus,2,12,0.5,0.08333333333333333,0.14285714285714285,0.38685280723454163,20,0.5,0.05,0.09090909090909091,0.38685280723454163,30,0.5,0.03333333333333333,0.0625,0.38685280723454163,49,0.5,0.02040816326530612,0.039215686274509796,0.38685280723454163,49,0.5,0.02040816326530612,0.039215686274509796,0.38685280723454163,49,0.5,0.02040816326530612,0.039215686274509796,0.38685280723454163,49,0.5,0.02040816326530612,0.039215686274509796,0.38685280723454163,0.5,0.5,2.433
full_rerank,66,in_corpus,2,12,0.0,0.0,0.0,0.0,20,0.0,0.0,0.0,0.0,30,0.5,0.03333333333333333,0.0625,0.13203406128629544,43,0.5,0.023255813953488372,0.04444444444444444,0.13203406128629544,43,0.5,0.023255813953488372,0.04444444444444444,0.13203406128629544,43,0.5,0.023255813953488372,0.04444444444444444,0.13203406128629544,43,0.5,0.023255813953488372,0.04444444444444444,0.13203406128629544,0.0,0.041666666666666664,2.087
full_rerank,71,in_corpus,3,12,0.0,0.0,0.0,0.0,20,0.0,0.0,0.0,0.0,30,0.0,0.0,0.0,0.0,47,0.0,0.0,0.0,0.0,47,0.0,0.0,0.0,0.0,47,0.0,0.0,0.0,0.0,47,0.0,0.0,0.0,0.0,0.0,0.0,2.141
full_rerank,83,in_corpus,1,12,0.0,0.0,0.0,0.0,20,0.0,0.0,0.0,0.0,30,0.0,0.0,0.0,0.0,31,0.0,0.0,0.0,0.0,31,0.0,0.0,0.0,0.0,31,0.0,0.0,0.0,0.0,31,0.0,0.0,0.0,0.0,0.0,0.0,1.422
full_rerank,84,in_corpus,1,12,0.0,0.0,0.0,0.0,20,0.0,0.0,0.0,0.0,30,0.0,0.0,0.0,0.0,36,0.0,0.0,0.0,0.0,36,0.0,0.0,0.0,0.0,36,0.0,0.0,0.0,0.0,36,0.0,0.0,0.0,0.0,0.0,0.0,1.479
full_rerank,85,unparseable,3,12,0.0,0.0,0.0,0.0,20,0.0,0.0,0.0,0.0,30,0.0,0.0,0.0,0.0,50,0.0,0.0,0.0,0.0,52,0.0,0.0,0.0,0.0,52,0.0,0.0,0.0,0.0,52,0.0,0.0,0.0,0.0,0.0,0.0,2.737
full_rerank,90,in_corpus,3,12,0.6666666666666666,0.16666666666666666,0.26666666666666666,0.4441228664487979,20,0.6666666666666666,0.1,0.1739130434782609,0.4441228664487979,30,0.6666666666666666,0.06666666666666667,0.1212121212121212,0.4441228664487979,34,0.6666666666666666,0.058823529411764705,0.10810810810810811,0.4441228664487979,34,0.6666666666666666,0.058823529411764705,0.10810810810810811,0.4441228664487979,34,0.6666666666666666,0.058823529411764705,0.10810810810810811,0.4441228664487979,34,0.6666666666666666,0.058823529411764705,0.10810810810810811,0.4441228664487979,0.3333333333333333,0.5,1.886
full_rerank,93,in_corpus,2,12,1.0,0.16666666666666666,0.2857142857142857,0.8315546295836225,20,1.0,0.1,0.18181818181818182,0.8315546295836225,30,1.0,0.06666666666666667,0.125,0.8315546295836225,38,1.0,0.05263157894736842,0.1,0.8315546295836225,38,1.0,0.05263157894736842,0.1,0.8315546295836225,38,1.0,0.05263157894736842,0.1,0.8315546295836225,38,1.0,0.05263157894736842,0.1,0.8315546295836225,0.5,1.0,2.067
full_rerank,94,mixed,2,12,0.0,0.0,0.0,0.0,20,0.0,0.0,0.0,0.0,30,0.0,0.0,0.0,0.0,49,0.5,0.02040816326530612,0.039215686274509796,0.11100575998665047,49,0.5,0.02040816326530612,0.039215686274509796,0.11100575998665047,49,0.5,0.02040816326530612,0.039215686274509796,0.11100575998665047,49,0.5,0.02040816326530612,0.039215686274509796,0.11100575998665047,0.0,0.022222222222222223,2.401
full_rerank,97,in_corpus,2,12,0.5,0.08333333333333333,0.14285714285714285,0.17723928678404774,20,0.5,0.05,0.09090909090909091,0.17723928678404774,30,0.5,0.03333333333333333,0.0625,0.17723928678404774,47,0.5,0.02127659574468085,0.04081632653061224,0.17723928678404774,47,0.5,0.02127659574468085,0.04081632653061224,0.17723928678404774,47,0.5,0.02127659574468085,0.04081632653061224,0.17723928678404774,47,0.5,0.02127659574468085,0.04081632653061224,0.17723928678404774,0.0,0.1,1.889
full_rerank_hyde,1,ooc,2,0,0.0,0.0,0.0,0.0,0,0.0,0.0,0.0,0.0,0,0.0,0.0,0.0,0.0,0,0.0,0.0,0.0,0.0,0,0.0,0.0,0.0,0.0,0,0.0,0.0,0.0,0.0,0,0.0,0.0,0.0,0.0,0.0,0.0,0.492
full_rerank_hyde,102,in_corpus,1,12,1.0,0.08333333333333333,0.15384615384615385,0.5,20,1.0,0.05,0.09523809523809523,0.5,30,1.0,0.03333333333333333,0.06451612903225806,0.5,50,1.0,0.02,0.0392156862745098,0.5,51,1.0,0.0196078431372549,0.038461538461538464,0.5,51,1.0,0.0196078431372549,0.038461538461538464,0.5,51,1.0,0.0196078431372549,0.038461538461538464,0.5,0.0,0.3333333333333333,1.991
full_rerank_hyde,104,in_corpus,1,12,1.0,0.08333333333333333,0.15384615384615385,0.6309297535714575,20,1.0,0.05,0.09523809523809523,0.6309297535714575,30,1.0,0.03333333333333333,0.06451612903225806,0.6309297535714575,50,1.0,0.02,0.0392156862745098,0.6309297535714575,52,1.0,0.019230769230769232,0.03773584905660378,0.6309297535714575,52,1.0,0.019230769230769232,0.03773584905660378,0.6309297535714575,52,1.0,0.019230769230769232,0.03773584905660378,0.6309297535714575,0.0,0.5,2.277
full_rerank_hyde,112,in_corpus,1,12,0.0,0.0,0.0,0.0,20,0.0,0.0,0.0,0.0,30,0.0,0.0,0.0,0.0,45,0.0,0.0,0.0,0.0,45,0.0,0.0,0.0,0.0,45,0.0,0.0,0.0,0.0,45,0.0,0.0,0.0,0.0,0.0,0.0,1.992
full_rerank_hyde,114,in_corpus,1,12,0.0,0.0,0.0,0.0,20,0.0,0.0,0.0,0.0,30,0.0,0.0,0.0,0.0,47,0.0,0.0,0.0,0.0,47,0.0,0.0,0.0,0.0,47,0.0,0.0,0.0,0.0,47,0.0,0.0,0.0,0.0,0.0,0.0,1.969
full_rerank_hyde,115,in_corpus,1,12,1.0,0.08333333333333333,0.15384615384615385,0.3333333333333333,20,1.0,0.05,0.09523809523809523,0.3333333333333333,30,1.0,0.03333333333333333,0.06451612903225806,0.3333333333333333,37,1.0,0.02702702702702703,0.052631578947368425,0.3333333333333333,37,1.0,0.02702702702702703,0.052631578947368425,0.3333333333333333,37,1.0,0.02702702702702703,0.052631578947368425,0.3333333333333333,37,1.0,0.02702702702702703,0.052631578947368425,0.3333333333333333,0.0,0.14285714285714285,1.725
full_rerank_hyde,117,in_corpus,1,12,1.0,0.08333333333333333,0.15384615384615385,1.0,20,1.0,0.05,0.09523809523809523,1.0,30,1.0,0.03333333333333333,0.06451612903225806,1.0,42,1.0,0.023809523809523808,0.046511627906976744,1.0,42,1.0,0.023809523809523808,0.046511627906976744,1.0,42,1.0,0.023809523809523808,0.046511627906976744,1.0,42,1.0,0.023809523809523808,0.046511627906976744,1.0,1.0,1.0,2.088
full_rerank_hyde,120,in_corpus,1,12,1.0,0.08333333333333333,0.15384615384615385,0.3010299956639812,20,1.0,0.05,0.09523809523809523,0.3010299956639812,30,1.0,0.03333333333333333,0.06451612903225806,0.3010299956639812,38,1.0,0.02631578947368421,0.05128205128205127,0.3010299956639812,38,1.0,0.02631578947368421,0.05128205128205127,0.3010299956639812,38,1.0,0.02631578947368421,0.05128205128205127,0.3010299956639812,38,1.0,0.02631578947368421,0.05128205128205127,0.3010299956639812,0.0,0.1111111111111111,2.022
full_rerank_hyde,122,unparseable,4,12,0.0,0.0,0.0,0.0,20,0.0,0.0,0.0,0.0,30,0.0,0.0,0.0,0.0,50,0.0,0.0,0.0,0.0,52,0.0,0.0,0.0,0.0,52,0.0,0.0,0.0,0.0,52,0.0,0.0,0.0,0.0,0.0,0.0,1.995
full_rerank_hyde,123,unparseable,2,12,0.0,0.0,0.0,0.0,20,0.0,0.0,0.0,0.0,30,0.0,0.0,0.0,0.0,42,0.0,0.0,0.0,0.0,42,0.0,0.0,0.0,0.0,42,0.0,0.0,0.0,0.0,42,0.0,0.0,0.0,0.0,0.0,0.0,2.415
full_rerank_hyde,124,unparseable,1,12,0.0,0.0,0.0,0.0,20,0.0,0.0,0.0,0.0,30,0.0,0.0,0.0,0.0,44,0.0,0.0,0.0,0.0,44,0.0,0.0,0.0,0.0,44,0.0,0.0,0.0,0.0,44,0.0,0.0,0.0,0.0,0.0,0.0,1.722
full_rerank_hyde,128,unparseable,1,12,0.0,0.0,0.0,0.0,20,0.0,0.0,0.0,0.0,30,0.0,0.0,0.0,0.0,45,0.0,0.0,0.0,0.0,45,0.0,0.0,0.0,0.0,45,0.0,0.0,0.0,0.0,45,0.0,0.0,0.0,0.0,0.0,0.0,2.236
full_rerank_hyde,132,in_corpus,5,12,0.0,0.0,0.0,0.0,20,0.0,0.0,0.0,0.0,30,0.0,0.0,0.0,0.0,48,0.0,0.0,0.0,0.0,48,0.0,0.0,0.0,0.0,48,0.0,0.0,0.0,0.0,48,0.0,0.0,0.0,0.0,0.0,0.0,2.165
full_rerank_hyde,140,in_corpus,1,12,1.0,0.08333333333333333,0.15384615384615385,0.3562071871080222,20,1.0,0.05,0.09523809523809523,0.3562071871080222,30,1.0,0.03333333333333333,0.06451612903225806,0.3562071871080222,34,1.0,0.029411764705882353,0.05714285714285715,0.3562071871080222,34,1.0,0.029411764705882353,0.05714285714285715,0.3562071871080222,34,1.0,0.029411764705882353,0.05714285714285715,0.3562071871080222,34,1.0,0.029411764705882353,0.05714285714285715,0.3562071871080222,0.0,0.16666666666666666,2.065
full_rerank_hyde,141,unparseable,4,12,0.0,0.0,0.0,0.0,20,0.0,0.0,0.0,0.0,30,0.0,0.0,0.0,0.0,39,0.0,0.0,0.0,0.0,39,0.0,0.0,0.0,0.0,39,0.0,0.0,0.0,0.0,39,0.0,0.0,0.0,0.0,0.0,0.0,2.468
full_rerank_hyde,147,in_corpus,1,12,0.0,0.0,0.0,0.0,20,1.0,0.05,0.09523809523809523,0.23981246656813146,30,1.0,0.03333333333333333,0.06451612903225806,0.23981246656813146,50,1.0,0.02,0.0392156862745098,0.23981246656813146,54,1.0,0.018518518518518517,0.03636363636363636,0.23981246656813146,54,1.0,0.018518518518518517,0.03636363636363636,0.23981246656813146,54,1.0,0.018518518518518517,0.03636363636363636,0.23981246656813146,0.0,0.058823529411764705,2.945
full_rerank_hyde,151,in_corpus,1,12,0.0,0.0,0.0,0.0,20,1.0,0.05,0.09523809523809523,0.227670248696953,30,1.0,0.03333333333333333,0.06451612903225806,0.227670248696953,40,1.0,0.025,0.04878048780487806,0.227670248696953,40,1.0,0.025,0.04878048780487806,0.227670248696953,40,1.0,0.025,0.04878048780487806,0.227670248696953,40,1.0,0.025,0.04878048780487806,0.227670248696953,0.0,0.05,1.673
full_rerank_hyde,154,in_corpus,1,12,1.0,0.08333333333333333,0.15384615384615385,1.0,20,1.0,0.05,0.09523809523809523,1.0,23,1.0,0.043478260869565216,0.08333333333333333,1.0,23,1.0,0.043478260869565216,0.08333333333333333,1.0,23,1.0,0.043478260869565216,0.08333333333333333,1.0,23,1.0,0.043478260869565216,0.08333333333333333,1.0,23,1.0,0.043478260869565216,0.08333333333333333,1.0,1.0,1.0,1.706
full_rerank_hyde,160,in_corpus,1,12,0.0,0.0,0.0,0.0,20,0.0,0.0,0.0,0.0,30,0.0,0.0,0.0,0.0,50,1.0,0.02,0.0392156862745098,0.18665241123894338,50,1.0,0.02,0.0392156862745098,0.18665241123894338,50,1.0,0.02,0.0392156862745098,0.18665241123894338,50,1.0,0.02,0.0392156862745098,0.18665241123894338,0.0,0.025,2.532
full_rerank_hyde,164,in_corpus,1,12,1.0,0.08333333333333333,0.15384615384615385,0.3010299956639812,20,1.0,0.05,0.09523809523809523,0.3010299956639812,30,1.0,0.03333333333333333,0.06451612903225806,0.3010299956639812,30,1.0,0.03333333333333333,0.06451612903225806,0.3010299956639812,30,1.0,0.03333333333333333,0.06451612903225806,0.3010299956639812,30,1.0,0.03333333333333333,0.06451612903225806,0.3010299956639812,30,1.0,0.03333333333333333,0.06451612903225806,0.3010299956639812,0.0,0.1111111111111111,2.667
full_rerank_hyde,166,in_corpus,1,12,1.0,0.08333333333333333,0.15384615384615385,0.3562071871080222,20,1.0,0.05,0.09523809523809523,0.3562071871080222,20,1.0,0.05,0.09523809523809523,0.3562071871080222,20,1.0,0.05,0.09523809523809523,0.3562071871080222,20,1.0,0.05,0.09523809523809523,0.3562071871080222,20,1.0,0.05,0.09523809523809523,0.3562071871080222,20,1.0,0.05,0.09523809523809523,0.3562071871080222,0.0,0.16666666666666666,1.967
full_rerank_hyde,169,in_corpus,7,12,0.2857142857142857,0.16666666666666666,0.2105263157894737,0.36650177721905447,20,0.2857142857142857,0.1,0.14814814814814817,0.36650177721905447,30,0.42857142857142855,0.1,0.16216216216216217,0.4243109962151343,47,0.42857142857142855,0.06382978723404255,0.1111111111111111,0.4243109962151343,47,0.42857142857142855,0.06382978723404255,0.1111111111111111,0.4243109962151343,47,0.42857142857142855,0.06382978723404255,0.1111111111111111,0.4243109962151343,47,0.42857142857142855,0.06382978723404255,0.1111111111111111,0.4243109962151343,0.2857142857142857,1.0,2.228
full_rerank_hyde,172,unparseable,4,12,0.0,0.0,0.0,0.0,20,0.0,0.0,0.0,0.0,30,0.0,0.0,0.0,0.0,50,0.0,0.0,0.0,0.0,56,0.0,0.0,0.0,0.0,56,0.0,0.0,0.0,0.0,56,0.0,0.0,0.0,0.0,0.0,0.0,2.013
full_rerank_hyde,178,in_corpus,1,12,0.0,0.0,0.0,0.0,20,1.0,0.05,0.09523809523809523,0.25,30,1.0,0.03333333333333333,0.06451612903225806,0.25,39,1.0,0.02564102564102564,0.05,0.25,39,1.0,0.02564102564102564,0.05,0.25,39,1.0,0.02564102564102564,0.05,0.25,39,1.0,0.02564102564102564,0.05,0.25,0.0,0.06666666666666667,2.033
full_rerank_hyde,180,in_corpus,6,12,0.0,0.0,0.0,0.0,20,0.0,0.0,0.0,0.0,30,0.16666666666666666,0.03333333333333333,0.05555555555555555,0.06228974831361337,44,0.3333333333333333,0.045454545454545456,0.08,0.11805599400529199,44,0.3333333333333333,0.045454545454545456,0.08,0.11805599400529199,44,0.3333333333333333,0.045454545454545456,0.08,0.11805599400529199,44,0.3333333333333333,0.045454545454545456,0.08,0.11805599400529199,0.0,0.03571428571428571,2.194
full_rerank_hyde,181,in_corpus,2,12,0.5,0.08333333333333333,0.14285714285714285,0.21840743681816419,20,0.5,0.05,0.09090909090909091,0.21840743681816419,30,0.5,0.03333333333333333,0.0625,0.21840743681816419,36,1.0,0.05555555555555555,0.10526315789473684,0.3370062932028122,36,1.0,0.05555555555555555,0.10526315789473684,0.3370062932028122,36,1.0,0.05555555555555555,0.10526315789473684,0.3370062932028122,36,1.0,0.05555555555555555,0.10526315789473684,0.3370062932028122,0.0,0.16666666666666666,1.616
full_rerank_hyde,188,in_corpus,1,12,1.0,0.08333333333333333,0.15384615384615385,0.5,20,1.0,0.05,0.09523809523809523,0.5,30,1.0,0.03333333333333333,0.06451612903225806,0.5,43,1.0,0.023255813953488372,0.04545454545454545,0.5,43,1.0,0.023255813953488372,0.04545454545454545,0.5,43,1.0,0.023255813953488372,0.04545454545454545,0.5,43,1.0,0.023255813953488372,0.04545454545454545,0.5,0.0,0.3333333333333333,2.193
full_rerank_hyde,190,in_corpus,1,12,0.0,0.0,0.0,0.0,20,0.0,0.0,0.0,0.0,30,0.0,0.0,0.0,0.0,47,0.0,0.0,0.0,0.0,47,0.0,0.0,0.0,0.0,47,0.0,0.0,0.0,0.0,47,0.0,0.0,0.0,0.0,0.0,0.0,2.525
full_rerank_hyde,198,in_corpus,1,12,0.0,0.0,0.0,0.0,20,1.0,0.05,0.09523809523809523,0.23137821315975915,30,1.0,0.03333333333333333,0.06451612903225806,0.23137821315975915,50,1.0,0.02,0.0392156862745098,0.23137821315975915,55,1.0,0.01818181818181818,0.03571428571428572,0.23137821315975915,55,1.0,0.01818181818181818,0.03571428571428572,0.23137821315975915,55,1.0,0.01818181818181818,0.03571428571428572,0.23137821315975915,0.0,0.05263157894736842,2.527
full_rerank_hyde,20,in_corpus,2,12,0.0,0.0,0.0,0.0,20,0.0,0.0,0.0,0.0,22,0.0,0.0,0.0,0.0,22,0.0,0.0,0.0,0.0,22,0.0,0.0,0.0,0.0,22,0.0,0.0,0.0,0.0,22,0.0,0.0,0.0,0.0,0.0,0.0,2.037
full_rerank_hyde,23,in_corpus,1,12,0.0,0.0,0.0,0.0,20,0.0,0.0,0.0,0.0,30,0.0,0.0,0.0,0.0,31,0.0,0.0,0.0,0.0,31,0.0,0.0,0.0,0.0,31,0.0,0.0,0.0,0.0,31,0.0,0.0,0.0,0.0,0.0,0.0,2.655
full_rerank_hyde,34,ooc,1,12,0.0,0.0,0.0,0.0,20,0.0,0.0,0.0,0.0,30,0.0,0.0,0.0,0.0,38,0.0,0.0,0.0,0.0,38,0.0,0.0,0.0,0.0,38,0.0,0.0,0.0,0.0,38,0.0,0.0,0.0,0.0,0.0,0.0,2.568
full_rerank_hyde,37,in_corpus,2,12,0.5,0.08333333333333333,0.14285714285714285,0.3065735963827292,20,0.5,0.05,0.09090909090909091,0.3065735963827292,30,0.5,0.03333333333333333,0.0625,0.3065735963827292,44,1.0,0.045454545454545456,0.08695652173913045,0.4270948093916808,44,1.0,0.045454545454545456,0.08695652173913045,0.4270948093916808,44,1.0,0.045454545454545456,0.08695652173913045,0.4270948093916808,44,1.0,0.045454545454545456,0.08695652173913045,0.4270948093916808,0.0,0.3333333333333333,2.345
full_rerank_hyde,45,in_corpus,3,12,0.3333333333333333,0.08333333333333333,0.13333333333333333,0.23463936301137822,20,0.3333333333333333,0.05,0.08695652173913045,0.23463936301137822,30,0.3333333333333333,0.03333333333333333,0.0606060606060606,0.23463936301137822,43,0.6666666666666666,0.046511627906976744,0.08695652173913045,0.32059679572667077,43,0.6666666666666666,0.046511627906976744,0.08695652173913045,0.32059679572667077,43,0.6666666666666666,0.046511627906976744,0.08695652173913045,0.32059679572667077,43,0.6666666666666666,0.046511627906976744,0.08695652173913045,0.32059679572667077,0.3333333333333333,0.3333333333333333,2.486
full_rerank_hyde,46,in_corpus,1,12,0.0,0.0,0.0,0.0,20,0.0,0.0,0.0,0.0,30,0.0,0.0,0.0,0.0,43,0.0,0.0,0.0,0.0,43,0.0,0.0,0.0,0.0,43,0.0,0.0,0.0,0.0,43,0.0,0.0,0.0,0.0,0.0,0.0,1.951
full_rerank_hyde,47,in_corpus,3,12,0.3333333333333333,0.08333333333333333,0.13333333333333333,0.18154179253735267,20,0.3333333333333333,0.05,0.08695652173913045,0.18154179253735267,30,0.3333333333333333,0.03333333333333333,0.0606060606060606,0.18154179253735267,41,0.3333333333333333,0.024390243902439025,0.04545454545454545,0.18154179253735267,41,0.3333333333333333,0.024390243902439025,0.04545454545454545,0.18154179253735267,41,0.3333333333333333,0.024390243902439025,0.04545454545454545,0.18154179253735267,41,0.3333333333333333,0.024390243902439025,0.04545454545454545,0.18154179253735267,0.0,0.2,2.698
full_rerank_hyde,5,unparseable,3,12,0.0,0.0,0.0,0.0,20,0.0,0.0,0.0,0.0,30,0.0,0.0,0.0,0.0,35,0.0,0.0,0.0,0.0,35,0.0,0.0,0.0,0.0,35,0.0,0.0,0.0,0.0,35,0.0,0.0,0.0,0.0,0.0,0.0,2.98
full_rerank_hyde,56,in_corpus,2,12,0.0,0.0,0.0,0.0,20,0.0,0.0,0.0,0.0,30,0.0,0.0,0.0,0.0,31,0.5,0.03225806451612903,0.06060606060606061,0.12262943855309168,31,0.5,0.03225806451612903,0.06060606060606061,0.12262943855309168,31,0.5,0.03225806451612903,0.06060606060606061,0.12262943855309168,31,0.5,0.03225806451612903,0.06060606060606061,0.12262943855309168,0.0,0.03225806451612903,3.354
full_rerank_hyde,57,unparseable,2,12,0.0,0.0,0.0,0.0,20,0.0,0.0,0.0,0.0,30,0.0,0.0,0.0,0.0,38,0.0,0.0,0.0,0.0,38,0.0,0.0,0.0,0.0,38,0.0,0.0,0.0,0.0,38,0.0,0.0,0.0,0.0,0.0,0.0,2.466
full_rerank_hyde,59,in_corpus,1,12,1.0,0.08333333333333333,0.15384615384615385,1.0,20,1.0,0.05,0.09523809523809523,1.0,30,1.0,0.03333333333333333,0.06451612903225806,1.0,32,1.0,0.03125,0.06060606060606061,1.0,32,1.0,0.03125,0.06060606060606061,1.0,32,1.0,0.03125,0.06060606060606061,1.0,32,1.0,0.03125,0.06060606060606061,1.0,1.0,1.0,2.352
full_rerank_hyde,62,in_corpus,2,12,0.5,0.08333333333333333,0.14285714285714285,0.38685280723454163,20,0.5,0.05,0.09090909090909091,0.38685280723454163,30,0.5,0.03333333333333333,0.0625,0.38685280723454163,44,0.5,0.022727272727272728,0.04347826086956522,0.38685280723454163,44,0.5,0.022727272727272728,0.04347826086956522,0.38685280723454163,44,0.5,0.022727272727272728,0.04347826086956522,0.38685280723454163,44,0.5,0.022727272727272728,0.04347826086956522,0.38685280723454163,0.5,0.5,2.439
full_rerank_hyde,66,in_corpus,2,12,0.0,0.0,0.0,0.0,20,0.5,0.05,0.09090909090909091,0.1395953738647505,30,0.5,0.03333333333333333,0.0625,0.1395953738647505,41,0.5,0.024390243902439025,0.046511627906976744,0.1395953738647505,41,0.5,0.024390243902439025,0.046511627906976744,0.1395953738647505,41,0.5,0.024390243902439025,0.046511627906976744,0.1395953738647505,41,0.5,0.024390243902439025,0.046511627906976744,0.1395953738647505,0.0,0.05,2.171
full_rerank_hyde,71,in_corpus,3,12,0.0,0.0,0.0,0.0,20,0.0,0.0,0.0,0.0,30,0.0,0.0,0.0,0.0,44,0.0,0.0,0.0,0.0,44,0.0,0.0,0.0,0.0,44,0.0,0.0,0.0,0.0,44,0.0,0.0,0.0,0.0,0.0,0.0,2.221
full_rerank_hyde,83,in_corpus,1,12,0.0,0.0,0.0,0.0,20,0.0,0.0,0.0,0.0,30,0.0,0.0,0.0,0.0,31,0.0,0.0,0.0,0.0,31,0.0,0.0,0.0,0.0,31,0.0,0.0,0.0,0.0,31,0.0,0.0,0.0,0.0,0.0,0.0,1.343
full_rerank_hyde,84,in_corpus,1,12,0.0,0.0,0.0,0.0,20,0.0,0.0,0.0,0.0,30,0.0,0.0,0.0,0.0,34,0.0,0.0,0.0,0.0,34,0.0,0.0,0.0,0.0,34,0.0,0.0,0.0,0.0,34,0.0,0.0,0.0,0.0,0.0,0.0,1.45
full_rerank_hyde,85,unparseable,3,12,0.0,0.0,0.0,0.0,20,0.0,0.0,0.0,0.0,30,0.0,0.0,0.0,0.0,46,0.0,0.0,0.0,0.0,46,0.0,0.0,0.0,0.0,46,0.0,0.0,0.0,0.0,46,0.0,0.0,0.0,0.0,0.0,0.0,2.417
full_rerank_hyde,90,in_corpus,3,12,0.6666666666666666,0.16666666666666666,0.26666666666666666,0.4441228664487979,20,0.6666666666666666,0.1,0.1739130434782609,0.4441228664487979,30,0.6666666666666666,0.06666666666666667,0.1212121212121212,0.4441228664487979,34,0.6666666666666666,0.058823529411764705,0.10810810810810811,0.4441228664487979,34,0.6666666666666666,0.058823529411764705,0.10810810810810811,0.4441228664487979,34,0.6666666666666666,0.058823529411764705,0.10810810810810811,0.4441228664487979,34,0.6666666666666666,0.058823529411764705,0.10810810810810811,0.4441228664487979,0.3333333333333333,0.5,1.846
full_rerank_hyde,93,in_corpus,2,12,1.0,0.16666666666666666,0.2857142857142857,0.8315546295836225,20,1.0,0.1,0.18181818181818182,0.8315546295836225,30,1.0,0.06666666666666667,0.125,0.8315546295836225,32,1.0,0.0625,0.11764705882352941,0.8315546295836225,32,1.0,0.0625,0.11764705882352941,0.8315546295836225,32,1.0,0.0625,0.11764705882352941,0.8315546295836225,32,1.0,0.0625,0.11764705882352941,0.8315546295836225,0.5,1.0,2.138
full_rerank_hyde,94,mixed,2,12,0.0,0.0,0.0,0.0,20,0.0,0.0,0.0,0.0,30,0.0,0.0,0.0,0.0,50,0.5,0.02,0.038461538461538464,0.1097853732565413,51,0.5,0.0196078431372549,0.03773584905660377,0.1097853732565413,51,0.5,0.0196078431372549,0.03773584905660377,0.1097853732565413,51,0.5,0.0196078431372549,0.03773584905660377,0.1097853732565413,0.0,0.02127659574468085,2.547
full_rerank_hyde,97,in_corpus,2,12,0.5,0.08333333333333333,0.14285714285714285,0.19342640361727081,20,0.5,0.05,0.09090909090909091,0.19342640361727081,30,0.5,0.03333333333333333,0.0625,0.19342640361727081,48,1.0,0.041666666666666664,0.07999999999999999,0.31112535391614377,48,1.0,0.041666666666666664,0.07999999999999999,0.31112535391614377,48,1.0,0.041666666666666664,0.07999999999999999,0.31112535391614377,48,1.0,0.041666666666666664,0.07999999999999999,0.31112535391614377,0.0,0.125,2.097
